[{"Display_Name":"Serviço de Roteador AllJoyn","Service_Name":"AJRouter","Status":"Stopped","StartType":"Manual"},{"Display_Name":"Serviço Gateway de Camada de Aplicativo","Service_Name":"ALG","Status":"Stopped","StartType":"Disabled"},{"Display_Name":"Identidade do Aplicativo","Service_Name":"AppIDSvc","Status":"Stopped","StartType":"Manual"},{"Display_Name":"Informações sobre Aplicativos","Service_Name":"Appinfo","Status":"Running","StartType":"Manual"},{"Display_Name":"Preparação de Aplicativos","Service_Name":"AppReadiness","Status":"Stopped","StartType":"Manual"},{"Display_Name":"Serviço de Implantação AppX (AppXSVC)","Service_Name":"AppXSvc","Status":"Running","StartType":"Manual"},{"Display_Name":"ASP.NET State Service","Service_Name":"aspnet_state","Status":"Stopped","StartType":"Manual"},{"Display_Name":"AtherosSvc","Service_Name":"AtherosSvc","Status":"Running","StartType":"Automatic"},{"Display_Name":"Construtor de Pontos de Extremidade de Áudio do Windows","Service_Name":"AudioEndpointBuilder","Status":"Running","StartType":"Automatic"},{"Display_Name":"Áudio do Windows","Service_Name":"Audiosrv","Status":"Running","StartType":"Automatic"},{"Display_Name":"Instalador do ActiveX (AxInstSV)","Service_Name":"AxInstSV","Status":"Stopped","StartType":"Manual"},{"Display_Name":"Serviço de Criptografia de Unidade de Disco BitLocker","Service_Name":"BDESVC","Status":"Stopped","StartType":"Manual"},{"Display_Name":"Mecanismo de Filtragem Básica","Service_Name":"BFE","Status":"Running","StartType":"Automatic"},{"Display_Name":"Serviço de transferência inteligente de tela de fundo","Service_Name":"BITS","Status":"Running","StartType":"Automatic"},{"Display_Name":"Serviço de Infraestrutura de Tarefas de Segundo Plano","Service_Name":"BrokerInfrastructure","Status":"Running","StartType":"Automatic"},{"Display_Name":"Pesquisador de Computadores","Service_Name":"Browser","Status":"Stopped","StartType":"Manual"},{"Display_Name":"Serviço de Gateway Bluetooth de Áudio","Service_Name":"BTAGService","Status":"Running","StartType":"Manual"},{"Display_Name":"Serviço AVCTP","Service_Name":"BthAvctpSvc","Status":"Running","StartType":"Manual"},{"Display_Name":"Serviço de Suporte a Bluetooth","Service_Name":"bthserv","Status":"Running","StartType":"Manual"},{"Display_Name":"Serviço do Gerenciador de Acesso de Recurso","Service_Name":"camsvc","Status":"Running","StartType":"Manual"},{"Display_Name":"Serviço de Plataforma de Dispositivos Conectados","Service_Name":"CDPSvc","Status":"Running","StartType":"Automatic"},{"Display_Name":"Propagação de Certificado","Service_Name":"CertPropSvc","Status":"Running","StartType":"Manual"},{"Display_Name":"Serviço de Licenças de Cliente (ClipSVC)","Service_Name":"ClipSVC","Status":"Stopped","StartType":"Manual"},{"Display_Name":"COM+ System Application","Service_Name":"COMSysApp","Status":"Stopped","StartType":"Manual"},{"Display_Name":"CoreMessaging","Service_Name":"CoreMessagingRegistrar","Status":"Running","StartType":"Automatic"},{"Display_Name":"Intel(R) Content Protection HECI Service","Service_Name":"cphs","Status":"Running","StartType":"Manual"},{"Display_Name":"Intel(R) Content Protection HDCP Service","Service_Name":"cplspcon","Status":"Running","StartType":"Automatic"},{"Display_Name":"Serviços de criptografia","Service_Name":"CryptSvc","Status":"Running","StartType":"Automatic"},{"Display_Name":"Inicializador do Processo de Servidor DCOM","Service_Name":"DcomLaunch","Status":"Running","StartType":"Automatic"},{"Display_Name":"Otimizador de unidade","Service_Name":"defragsvc","Status":"Stopped","StartType":"Manual"},{"Display_Name":"Serviço de Associação de Dispositivo","Service_Name":"DeviceAssociationService","Status":"Running","StartType":"Manual"},{"Display_Name":"Serviço de Instalação de Dispositivo","Service_Name":"DeviceInstall","Status":"Stopped","StartType":"Manual"},{"Display_Name":"Agente de Descoberta em Segundo Plano de DevQuery","Service_Name":"DevQueryBroker","Status":"Stopped","StartType":"Manual"},{"Display_Name":"Cliente DHCP","Service_Name":"Dhcp","Status":"Running","StartType":"Automatic"},{"Display_Name":"Serviço Coletor de Padrões de Hub de Diagnóstico da Microsoft (R)","Service_Name":"diagnosticshub.standardcollector.service","Status":"Stopped","StartType":"Manual"},{"Display_Name":"Diagnostic Execution Service","Service_Name":"diagsvc","Status":"Stopped","StartType":"Manual"},{"Display_Name":"Experiências e Telemetria de Usuário Conectado","Service_Name":"DiagTrack","Status":"Running","StartType":"Automatic"},{"Display_Name":"Serviço de Aprimoramento de Exibição","Service_Name":"DisplayEnhancementService","Status":"Running","StartType":"Manual"},{"Display_Name":"Serviço de Registro de Gerenciamento de Dispositivos","Service_Name":"DmEnrollmentSvc","Status":"Stopped","StartType":"Manual"},{"Display_Name":"Serviço de Roteamento de mensagens de envio por Push WAP do Gerenciamento de Dispositivos","Service_Name":"dmwappushservice","Status":"Stopped","StartType":"Manual"},{"Display_Name":"Cliente DNS","Service_Name":"Dnscache","Status":"Running","StartType":"Automatic"},{"Display_Name":"Otimização de Entrega","Service_Name":"DoSvc","Status":"Running","StartType":"Automatic"},{"Display_Name":"Configuração Automática com Fio","Service_Name":"dot3svc","Status":"Stopped","StartType":"Manual"},{"Display_Name":"Serviço de Política de Diagnóstico","Service_Name":"DPS","Status":"Running","StartType":"Automatic"},{"Display_Name":"Gerenciador de Instalação de Dispositivo","Service_Name":"DsmSvc","Status":"Stopped","StartType":"Manual"},{"Display_Name":"Serviço de Compartilhamento de Dados","Service_Name":"DsSvc","Status":"Stopped","StartType":"Manual"},{"Display_Name":"Uso de Dados","Service_Name":"DusmSvc","Status":"Running","StartType":"Automatic"},{"Display_Name":"Protocolo de Autenticação Extensível","Service_Name":"Eaphost","Status":"Stopped","StartType":"Manual"},{"Display_Name":"EFS (Encrypting File System)","Service_Name":"EFS","Status":"Stopped","StartType":"Manual"},{"Display_Name":"Modo inserido","Service_Name":"embeddedmode","Status":"Stopped","StartType":"Manual"},{"Display_Name":"Serviço de Gerenciamento de Aplicativos Empresariais","Service_Name":"EntAppSvc","Status":"Stopped","StartType":"Manual"},{"Display_Name":"ESIF Upper Framework Service","Service_Name":"esifsvc","Status":"Running","StartType":"Automatic"},{"Display_Name":"Log de Eventos do Windows","Service_Name":"EventLog","Status":"Running","StartType":"Automatic"},{"Display_Name":"COM+ evento do sistema","Service_Name":"EventSystem","Status":"Running","StartType":"Automatic"},{"Display_Name":"Fax","Service_Name":"Fax","Status":"Stopped","StartType":"Disabled"},{"Display_Name":"Host de Provedor da Descoberta de Função","Service_Name":"fdPHost","Status":"Running","StartType":"Manual"},{"Display_Name":"Publicação de Recursos de Descoberta de Função","Service_Name":"FDResPub","Status":"Running","StartType":"Manual"},{"Display_Name":"Serviço de Histórico de Arquivos","Service_Name":"fhsvc","Status":"Stopped","StartType":"Manual"},{"Display_Name":"Serviço de Cache de Fontes do Windows","Service_Name":"FontCache","Status":"Running","StartType":"Automatic"},{"Display_Name":"Servidor de Quadros de Câmera do Windows","Service_Name":"FrameServer","Status":"Stopped","StartType":"Disabled"},{"Display_Name":"Cliente da Política de Grupo","Service_Name":"gpsvc","Status":"Stopped","StartType":"Automatic"},{"Display_Name":"GraphicsPerfSvc","Service_Name":"GraphicsPerfSvc","Status":"Stopped","StartType":"Manual"},{"Display_Name":"Serviço de Dispositivos de Interface Humana","Service_Name":"hidserv","Status":"Running","StartType":"Manual"},{"Display_Name":"Serviço de Host HV","Service_Name":"HvHost","Status":"Stopped","StartType":"Disabled"},{"Display_Name":"Serviço de Hotspot Móvel do Windows","Service_Name":"icssvc","Status":"Stopped","StartType":"Disabled"},{"Display_Name":"Intel(R) HD Graphics Control Panel Service","Service_Name":"igfxCUIService2.0.0.0","Status":"Running","StartType":"Automatic"},{"Display_Name":"Módulos de Criação de Chaves IKE e AuthIP do IPSec","Service_Name":"IKEEXT","Status":"Stopped","StartType":"Manual"},{"Display_Name":"Serviço de Instalação da Microsoft Store","Service_Name":"InstallService","Status":"Running","StartType":"Manual"},{"Display_Name":"Auxiliar de IP","Service_Name":"iphlpsvc","Status":"Running","StartType":"Automatic"},{"Display_Name":"Windows Phone IP over USB Transport (IpOverUsbSvc)","Service_Name":"IpOverUsbSvc","Status":"Running","StartType":"Automatic"},{"Display_Name":"Serviço de Configuração de Conversão de IP","Service_Name":"IpxlatCfgSvc","Status":"Stopped","StartType":"Manual"},{"Display_Name":"Serviço de monitor infravermelho","Service_Name":"irmon","Status":"Stopped","StartType":"Disabled"},{"Display_Name":"Isolamento de Chave CNG","Service_Name":"KeyIso","Status":"Running","StartType":"Manual"},{"Display_Name":"KtmRm para Coordenador de Transações Distribuídas","Service_Name":"KtmRm","Status":"Stopped","StartType":"Manual"},{"Display_Name":"Server","Service_Name":"LanmanServer","Status":"Running","StartType":"Automatic"},{"Display_Name":"Estação de trabalho","Service_Name":"LanmanWorkstation","Status":"Running","StartType":"Automatic"},{"Display_Name":"Serviço de Geolocalização","Service_Name":"lfsvc","Status":"Running","StartType":"Manual"},{"Display_Name":"Serviço de Gerenciador de Licença do Windows","Service_Name":"LicenseManager","Status":"Running","StartType":"Manual"},{"Display_Name":"Mapeador da Descoberta de Topologia da Camada de Link","Service_Name":"lltdsvc","Status":"Stopped","StartType":"Manual"},{"Display_Name":"Auxiliar NetBIOS TCP/IP","Service_Name":"lmhosts","Status":"Running","StartType":"Manual"},{"Display_Name":"Gerenciador de Sessão Local","Service_Name":"LSM","Status":"Running","StartType":"Automatic"},{"Display_Name":"Serviço de Experiência em Idiomas","Service_Name":"LxpSvc","Status":"Stopped","StartType":"Manual"},{"Display_Name":"Macrium Service","Service_Name":"MacriumService","Status":"Running","StartType":"Automatic"},{"Display_Name":"Gerenciador de Mapas Baixados","Service_Name":"MapsBroker","Status":"Stopped","StartType":"Disabled"},{"Display_Name":"Windows Defender Firewall","Service_Name":"mpssvc","Status":"Running","StartType":"Automatic"},{"Display_Name":"Coordenador de transações distribuídas","Service_Name":"MSDTC","Status":"Stopped","StartType":"Manual"},{"Display_Name":"Serviço Iniciador Microsoft iSCSI","Service_Name":"MSiSCSI","Status":"Stopped","StartType":"Disabled"},{"Display_Name":"Windows Installer","Service_Name":"msiserver","Status":"Stopped","StartType":"Manual"},{"Display_Name":"Autenticação Natural","Service_Name":"NaturalAuthentication","Status":"Stopped","StartType":"Manual"},{"Display_Name":"Assistente de Conectividade de Rede","Service_Name":"NcaSvc","Status":"Stopped","StartType":"Manual"},{"Display_Name":"Agente de Conexão de Rede","Service_Name":"NcbService","Status":"Running","StartType":"Manual"},{"Display_Name":"Instalação Automática de Dispositivos Conectados à Rede","Service_Name":"NcdAutoSetup","Status":"Running","StartType":"Manual"},{"Display_Name":"Logon de rede","Service_Name":"Netlogon","Status":"Stopped","StartType":"Manual"},{"Display_Name":"Conexões de Rede","Service_Name":"Netman","Status":"Stopped","StartType":"Manual"},{"Display_Name":"Serviço da Lista de Redes","Service_Name":"netprofm","Status":"Running","StartType":"Manual"},{"Display_Name":"Serviço de Configuração de Rede","Service_Name":"NetSetupSvc","Status":"Stopped","StartType":"Manual"},{"Display_Name":"Serviço de Compartilhamento de Porta Net.Tcp","Service_Name":"NetTcpPortSharing","Status":"Stopped","StartType":"Disabled"},{"Display_Name":"Contêiner do Microsoft Passport","Service_Name":"NgcCtnrSvc","Status":"Running","StartType":"Manual"},{"Display_Name":"Microsoft Passport","Service_Name":"NgcSvc","Status":"Running","StartType":"Manual"},{"Display_Name":"Reconhecimento de Locais de Rede","Service_Name":"NlaSvc","Status":"Running","StartType":"Automatic"},{"Display_Name":"Serviço de Interface de Repositório de Rede","Service_Name":"nsi","Status":"Running","StartType":"Automatic"},{"Display_Name":"Gerenciador de Identidades de Rede de Par","Service_Name":"p2pimsvc","Status":"Stopped","StartType":"Manual"},{"Display_Name":"Agrupamento de Rede de Par","Service_Name":"p2psvc","Status":"Stopped","StartType":"Manual"},{"Display_Name":"Serviço Auxiliar de Compatibilidade de Programas","Service_Name":"PcaSvc","Status":"Running","StartType":"Automatic"},{"Display_Name":"Serviço de Simulação de Percepção do Windows","Service_Name":"perceptionsimulation","Status":"Stopped","StartType":"Manual"},{"Display_Name":"Host de DLL de Contador de Desempenho","Service_Name":"PerfHost","Status":"Stopped","StartType":"Manual"},{"Display_Name":"Serviço de Telefonia","Service_Name":"PhoneSvc","Status":"Stopped","StartType":"Disabled"},{"Display_Name":"Logs e alertas de desempenho","Service_Name":"pla","Status":"Stopped","StartType":"Manual"},{"Display_Name":"Plug and Play","Service_Name":"PlugPlay","Status":"Running","StartType":"Manual"},{"Display_Name":"Serviço de Publicação de Nome de Computador do PNRP","Service_Name":"PNRPAutoReg","Status":"Stopped","StartType":"Manual"},{"Display_Name":"Protocolo PNRP","Service_Name":"PNRPsvc","Status":"Stopped","StartType":"Manual"},{"Display_Name":"Agente de Política IPsec","Service_Name":"PolicyAgent","Status":"Stopped","StartType":"Manual"},{"Display_Name":"Ligar/Desligar","Service_Name":"Power","Status":"Running","StartType":"Automatic"},{"Display_Name":"Extensões e Notificações da Impressora","Service_Name":"PrintNotify","Status":"Stopped","StartType":"Manual"},{"Display_Name":"Serviço de Perfil de Usuário","Service_Name":"ProfSvc","Status":"Running","StartType":"Automatic"},{"Display_Name":"Serviço Windows PushToInstall","Service_Name":"PushToInstall","Status":"Stopped","StartType":"Manual"},{"Display_Name":"Qualcomm Atheros WLAN Driver Service","Service_Name":"QcomWlanSrv","Status":"Running","StartType":"Automatic"},{"Display_Name":"Quality Windows Audio Video Experience","Service_Name":"QWAVE","Status":"Stopped","StartType":"Manual"},{"Display_Name":"Gerenciador de conexão de acesso remoto automático","Service_Name":"RasAuto","Status":"Stopped","StartType":"Manual"},{"Display_Name":"Gerenciador de conexão de acesso remoto","Service_Name":"RasMan","Status":"Running","StartType":"Manual"},{"Display_Name":"Roteamento e Acesso Remoto","Service_Name":"RemoteAccess","Status":"Stopped","StartType":"Disabled"},{"Display_Name":"Registro remoto","Service_Name":"RemoteRegistry","Status":"Stopped","StartType":"Disabled"},{"Display_Name":"Serviço de Demonstração de Revenda","Service_Name":"RetailDemo","Status":"Stopped","StartType":"Disabled"},{"Display_Name":"Serviço de Gerenciamento de Rádio","Service_Name":"RmSvc","Status":"Stopped","StartType":"Manual"},{"Display_Name":"Mapeador de Ponto de Extremidade RPC","Service_Name":"RpcEptMapper","Status":"Running","StartType":"Automatic"},{"Display_Name":"Alocador Remote Procedure Call (RPC)","Service_Name":"RpcLocator","Status":"Stopped","StartType":"Disabled"},{"Display_Name":"RPC (Chamada de Procedimento Remoto)","Service_Name":"RpcSs","Status":"Running","StartType":"Automatic"},{"Display_Name":"Realtek Audio Service","Service_Name":"RtkAudioService","Status":"Running","StartType":"Automatic"},{"Display_Name":"Gerente de Contas de Segurança","Service_Name":"SamSs","Status":"Running","StartType":"Automatic"},{"Display_Name":"Cartão inteligente","Service_Name":"SCardSvr","Status":"Stopped","StartType":"Disabled"},{"Display_Name":"Serviço de Enumeração de Dispositivo de Cartão Inteligente","Service_Name":"ScDeviceEnum","Status":"Stopped","StartType":"Disabled"},{"Display_Name":"Agendador de Tarefas","Service_Name":"Schedule","Status":"Running","StartType":"Automatic"},{"Display_Name":"Política de Remoção de Cartão Inteligente","Service_Name":"SCPolicySvc","Status":"Stopped","StartType":"Disabled"},{"Display_Name":"Backup do Windows","Service_Name":"SDRSVC","Status":"Stopped","StartType":"Manual"},{"Display_Name":"Logon secundário","Service_Name":"seclogon","Status":"Stopped","StartType":"Manual"},{"Display_Name":"Serviço de Segurança do Windows","Service_Name":"SecurityHealthService","Status":"Running","StartType":"Manual"},{"Display_Name":"Gerenciador de NFC/SE e Pagamentos","Service_Name":"SEMgrSvc","Status":"Stopped","StartType":"Disabled"},{"Display_Name":"Serviço de Notificação de Eventos do Sistema","Service_Name":"SENS","Status":"Running","StartType":"Automatic"},{"Display_Name":"Serviço de Dados de Sensor","Service_Name":"SensorDataService","Status":"Stopped","StartType":"Manual"},{"Display_Name":"Serviço de Sensor","Service_Name":"SensorService","Status":"Running","StartType":"Manual"},{"Display_Name":"Serviço de Monitoramento de Sensor","Service_Name":"SensrSvc","Status":"Running","StartType":"Manual"},{"Display_Name":"Configuração da Área de Trabalho Remota","Service_Name":"SessionEnv","Status":"Running","StartType":"Manual"},{"Display_Name":"System Guard Runtime Monitor Broker","Service_Name":"SgrmBroker","Status":"Running","StartType":"Automatic"},{"Display_Name":"ICS (Compartilhamento de Conexão com a Internet)","Service_Name":"SharedAccess","Status":"Stopped","StartType":"Disabled"},{"Display_Name":"Serviço de Dados Espaciais","Service_Name":"SharedRealitySvc","Status":"Stopped","StartType":"Manual"},{"Display_Name":"Detecção do hardware do shell","Service_Name":"ShellHWDetection","Status":"Running","StartType":"Automatic"},{"Display_Name":"Shared PC Account Manager","Service_Name":"shpamsvc","Status":"Stopped","StartType":"Disabled"},{"Display_Name":"SMP de Espaços de Armazenamento da Microsoft","Service_Name":"smphost","Status":"Stopped","StartType":"Manual"},{"Display_Name":"Serviço de Roteador SMS do Microsoft Windows","Service_Name":"SmsRouter","Status":"Stopped","StartType":"Disabled"},{"Display_Name":"Interceptação SNMP","Service_Name":"SNMPTRAP","Status":"Stopped","StartType":"Disabled"},{"Display_Name":"Serviço de Percepção do Windows","Service_Name":"spectrum","Status":"Stopped","StartType":"Manual"},{"Display_Name":"Spooler de Impressão","Service_Name":"Spooler","Status":"Running","StartType":"Automatic"},{"Display_Name":"Proteção de Software","Service_Name":"sppsvc","Status":"Stopped","StartType":"Automatic"},{"Display_Name":"Gravador VSS do SQL Server","Service_Name":"SQLWriter","Status":"Running","StartType":"Automatic"},{"Display_Name":"Descoberta SSDP","Service_Name":"SSDPSRV","Status":"Running","StartType":"Manual"},{"Display_Name":"OpenSSH Authentication Agent","Service_Name":"ssh-agent","Status":"Stopped","StartType":"Manual"},{"Display_Name":"Serviço SSTP","Service_Name":"SstpSvc","Status":"Running","StartType":"Manual"},{"Display_Name":"Serviço de Repositório de Estado","Service_Name":"StateRepository","Status":"Running","StartType":"Manual"},{"Display_Name":"Assistente de aquisição de imagens do Windows (WIA)","Service_Name":"stisvc","Status":"Stopped","StartType":"Manual"},{"Display_Name":"Serviço de Armazenamento","Service_Name":"StorSvc","Status":"Running","StartType":"Manual"},{"Display_Name":"Verificador de Ponto","Service_Name":"svsvc","Status":"Stopped","StartType":"Manual"},{"Display_Name":"Provedor de Cópia de Sombra de Software da Microsoft","Service_Name":"swprv","Status":"Stopped","StartType":"Manual"},{"Display_Name":"SysMain","Service_Name":"SysMain","Status":"Running","StartType":"Automatic"},{"Display_Name":"Agente de Eventos do Sistema","Service_Name":"SystemEventsBroker","Status":"Running","StartType":"Automatic"},{"Display_Name":"Serviço de Teclado Virtual e Painel de Manuscrito","Service_Name":"TabletInputService","Status":"Running","StartType":"Manual"},{"Display_Name":"Telefonia","Service_Name":"TapiSrv","Status":"Stopped","StartType":"Manual"},{"Display_Name":"Serviços de Área de Trabalho Remota","Service_Name":"TermService","Status":"Running","StartType":"Manual"},{"Display_Name":"Temas","Service_Name":"Themes","Status":"Running","StartType":"Automatic"},{"Display_Name":"Gerenciamento de Camadas de Armazenamento","Service_Name":"TieringEngineService","Status":"Stopped","StartType":"Manual"},{"Display_Name":"Agente de Tempo","Service_Name":"TimeBrokerSvc","Status":"Running","StartType":"Manual"},{"Display_Name":"Gerenciador de Conta da Web","Service_Name":"TokenBroker","Status":"Running","StartType":"Manual"},{"Display_Name":"Cliente de rastreamento de link distribuído","Service_Name":"TrkWks","Status":"Running","StartType":"Automatic"},{"Display_Name":"Instalador de Módulos do Windows","Service_Name":"TrustedInstaller","Status":"Stopped","StartType":"Manual"},{"Display_Name":"Atualizador de Fuso Horário Automático","Service_Name":"tzautoupdate","Status":"Stopped","StartType":"Disabled"},{"Display_Name":"Redirecionador de Portas do Modo do Usuário dos Serviços de Área de Trabalho","Service_Name":"UmRdpService","Status":"Stopped","StartType":"Manual"},{"Display_Name":"Host de dispositivo UPnP","Service_Name":"upnphost","Status":"Stopped","StartType":"Manual"},{"Display_Name":"Gerenciador de Usuários","Service_Name":"UserManager","Status":"Running","StartType":"Automatic"},{"Display_Name":"Update Orchestrator Service","Service_Name":"UsoSvc","Status":"Running","StartType":"Automatic"},{"Display_Name":"Serviço Compositor de Áudio Volumétrico","Service_Name":"VacSvc","Status":"Stopped","StartType":"Manual"},{"Display_Name":"Gerenciador de Credenciais","Service_Name":"VaultSvc","Status":"Running","StartType":"Manual"},{"Display_Name":"VirtualBox system service","Service_Name":"VBoxSDS","Status":"Stopped","StartType":"Manual"},{"Display_Name":"Disco Virtual","Service_Name":"vds","Status":"Stopped","StartType":"Manual"},{"Display_Name":"Interface de Serviço de Convidado do Hyper-V","Service_Name":"vmicguestinterface","Status":"Stopped","StartType":"Disabled"},{"Display_Name":"Serviço de Pulsação do Hyper-V","Service_Name":"vmicheartbeat","Status":"Stopped","StartType":"Disabled"},{"Display_Name":"Serviço de Troca de Dados do Hyper-V","Service_Name":"vmickvpexchange","Status":"Stopped","StartType":"Disabled"},{"Display_Name":"Serviço de Virtualização de Área de Trabalho Remota do Hyper-V","Service_Name":"vmicrdv","Status":"Stopped","StartType":"Disabled"},{"Display_Name":"Serviço de Desligamento de Convidado do Hyper-V","Service_Name":"vmicshutdown","Status":"Stopped","StartType":"Disabled"},{"Display_Name":"Serviço de Sincronização de Data/Hora do Hyper-V","Service_Name":"vmictimesync","Status":"Stopped","StartType":"Disabled"},{"Display_Name":"Serviço Direto do Hyper-V PowerShell","Service_Name":"vmicvmsession","Status":"Stopped","StartType":"Disabled"},{"Display_Name":"Solicitante de Cópia de Sombra de Volume do Hyper-V","Service_Name":"vmicvss","Status":"Stopped","StartType":"Disabled"},{"Display_Name":"Cópia de Sombra de Volume","Service_Name":"VSS","Status":"Stopped","StartType":"Manual"},{"Display_Name":"Visual Studio Standard Collector Service 150","Service_Name":"VSStandardCollectorService150","Status":"Stopped","StartType":"Manual"},{"Display_Name":"Horário do Windows","Service_Name":"W32Time","Status":"Stopped","StartType":"Manual"},{"Display_Name":"Windows Update Medic Service","Service_Name":"WaaSMedicSvc","Status":"Stopped","StartType":"Manual"},{"Display_Name":"WalletService","Service_Name":"WalletService","Status":"Stopped","StartType":"Manual"},{"Display_Name":"WarpJITSvc","Service_Name":"WarpJITSvc","Status":"Stopped","StartType":"Manual"},{"Display_Name":"Waves Audio Services","Service_Name":"WavesSysSvc","Status":"Running","StartType":"Automatic"},{"Display_Name":"Serviço de Mecanismo de Backup em Nível de Bloco","Service_Name":"wbengine","Status":"Stopped","StartType":"Manual"},{"Display_Name":"Serviço de Biometria do Windows","Service_Name":"WbioSrvc","Status":"Stopped","StartType":"Manual"},{"Display_Name":"Gerenciador de Conexões do Windows","Service_Name":"Wcmsvc","Status":"Running","StartType":"Automatic"},{"Display_Name":"Conexão Fácil do Windows - Registrador de Configuração","Service_Name":"wcncsvc","Status":"Stopped","StartType":"Manual"},{"Display_Name":"Host do Serviço de Diagnóstico","Service_Name":"WdiServiceHost","Status":"Running","StartType":"Manual"},{"Display_Name":"Host do Sistema de Diagnósticos","Service_Name":"WdiSystemHost","Status":"Stopped","StartType":"Manual"},{"Display_Name":"Serviço de Inspeção de Rede do Windows Defender Antivirus","Service_Name":"WdNisSvc","Status":"Running","StartType":"Manual"},{"Display_Name":"Cliente da Web","Service_Name":"WebClient","Status":"Stopped","StartType":"Manual"},{"Display_Name":"Coletor de Eventos do Windows","Service_Name":"Wecsvc","Status":"Stopped","StartType":"Manual"},{"Display_Name":"Serviço de Host do Provedor de Criptografia do Windows","Service_Name":"WEPHOSTSVC","Status":"Stopped","StartType":"Manual"},{"Display_Name":"Suporte do Painel de Controle Relatórios de Problemas e Soluções","Service_Name":"wercplsupport","Status":"Stopped","StartType":"Manual"},{"Display_Name":"Serviço de Relatórios de Erro do Windows","Service_Name":"WerSvc","Status":"Stopped","StartType":"Manual"},{"Display_Name":"Serviço do Gerenciador de Conexões de Serviços do Wi-Fi Direct","Service_Name":"WFDSConMgrSvc","Status":"Stopped","StartType":"Manual"},{"Display_Name":"Eventos de Aquisição de Imagens Estáticas","Service_Name":"WiaRpc","Status":"Stopped","StartType":"Manual"},{"Display_Name":"Serviço Windows Defender Antivirus","Service_Name":"WinDefend","Status":"Running","StartType":"Automatic"},{"Display_Name":"Serviço de Descoberta Automática de Proxy da Web do WinHTTP","Service_Name":"WinHttpAutoProxySvc","Status":"Running","StartType":"Manual"},{"Display_Name":"Testador de instrumentação de gerenciam. do Windows","Service_Name":"Winmgmt","Status":"Running","StartType":"Automatic"},{"Display_Name":"Windows Remote Management (WS-Management)","Service_Name":"WinRM","Status":"Stopped","StartType":"Disabled"},{"Display_Name":"Serviço do Participante do Programa Windows Insider","Service_Name":"wisvc","Status":"Stopped","StartType":"Disabled"},{"Display_Name":"Configuração Automática de WLAN","Service_Name":"WlanSvc","Status":"Running","StartType":"Automatic"},{"Display_Name":"Assistente de Conexão de Conta da Microsoft","Service_Name":"wlidsvc","Status":"Stopped","StartType":"Manual"},{"Display_Name":"Serviço Assistente de Perfil Local","Service_Name":"wlpasvc","Status":"Stopped","StartType":"Manual"},{"Display_Name":"Serviço de gerenciamento do Windows","Service_Name":"WManSvc","Status":"Stopped","StartType":"Manual"},{"Display_Name":"Adaptador de Desempenho WMI","Service_Name":"wmiApSrv","Status":"Stopped","StartType":"Manual"},{"Display_Name":"Pastas de Trabalho","Service_Name":"workfolderssvc","Status":"Stopped","StartType":"Disabled"},{"Display_Name":"Controles dos Pais","Service_Name":"WpcMonSvc","Status":"Stopped","StartType":"Disabled"},{"Display_Name":"Serviço Enumerador de Dispositivos Portáteis","Service_Name":"WPDBusEnum","Status":"Stopped","StartType":"Manual"},{"Display_Name":"Serviço do Sistema de Notificações por Push do Windows","Service_Name":"WpnService","Status":"Running","StartType":"Automatic"},{"Display_Name":"Central de Segurança","Service_Name":"wscsvc","Status":"Running","StartType":"Automatic"},{"Display_Name":"Windows Search","Service_Name":"WSearch","Status":"Running","StartType":"Automatic"},{"Display_Name":"Windows Update","Service_Name":"wuauserv","Status":"Running","StartType":"Manual"},{"Display_Name":"Configuração Automática de WWAN","Service_Name":"WwanSvc","Status":"Stopped","StartType":"Disabled"},{"Display_Name":"Gerenciador de Autenticação Xbox Live","Service_Name":"XblAuthManager","Status":"Stopped","StartType":"Disabled"},{"Display_Name":"Salvar Jogos no Xbox Live","Service_Name":"XblGameSave","Status":"Stopped","StartType":"Disabled"},{"Display_Name":"Xbox Accessory Management Service","Service_Name":"XboxGipSvc","Status":"Stopped","StartType":"Manual"},{"Display_Name":"Serviço de Rede Xbox Live","Service_Name":"XboxNetApiSvc","Status":"Stopped","StartType":"Disabled"},{"Display_Name":"Serviço de Usuário do GameDVR e Transmissão_17cc0e","Service_Name":"BcastDVRUserService_17cc0e","Status":"Stopped","StartType":"Manual"},{"Display_Name":"Serviço de Suporte a Usuários de Bluetooth_17cc0e","Service_Name":"BluetoothUserService_17cc0e","Status":"Stopped","StartType":"Manual"},{"Display_Name":"CaptureService_17cc0e","Service_Name":"CaptureService_17cc0e","Status":"Stopped","StartType":"Manual"},{"Display_Name":"Serviço de Usuário da Área de Transferência_17cc0e","Service_Name":"cbdhsvc_17cc0e","Status":"Running","StartType":"Manual"},{"Display_Name":"Serviço de Usuário da Plataforma de Dispositivos Conectados_17cc0e","Service_Name":"CDPUserSvc_17cc0e","Status":"Running","StartType":"Automatic"},{"Display_Name":"ConsentUX_17cc0e","Service_Name":"ConsentUxUserSvc_17cc0e","Status":"Stopped","StartType":"Manual"},{"Display_Name":"DevicePicker_17cc0e","Service_Name":"DevicePickerUserSvc_17cc0e","Status":"Stopped","StartType":"Manual"},{"Display_Name":"DevicesFlow_17cc0e","Service_Name":"DevicesFlowUserSvc_17cc0e","Status":"Stopped","StartType":"Manual"},{"Display_Name":"MessagingService_17cc0e","Service_Name":"MessagingService_17cc0e","Status":"Stopped","StartType":"Manual"},{"Display_Name":"Host de Sincronização_17cc0e","Service_Name":"OneSyncSvc_17cc0e","Status":"Running","StartType":"Automatic"},{"Display_Name":"Dados de Contato_17cc0e","Service_Name":"PimIndexMaintenanceSvc_17cc0e","Status":"Stopped","StartType":"Manual"},{"Display_Name":"PrintWorkflow_17cc0e","Service_Name":"PrintWorkflowUserSvc_17cc0e","Status":"Stopped","StartType":"Manual"},{"Display_Name":"Armazenamento de Dados de Usuário_17cc0e","Service_Name":"UnistoreSvc_17cc0e","Status":"Stopped","StartType":"Manual"},{"Display_Name":"Acesso a Dados de Usuário_17cc0e","Service_Name":"UserDataSvc_17cc0e","Status":"Stopped","StartType":"Manual"},{"Display_Name":"Serviço de Usuário de Notificações por Push do Windows_17cc0e","Service_Name":"WpnUserService_17cc0e","Status":"Running","StartType":"Automatic"}]