[
 {
   "Display_Name": "ActiveX Installer (AxInstSV)",
   "Service_Name": "AxInstSV",
   "DEFAULT_Home": "Manual",
   "DEFAULT_Professional": "Manual",
   "DEFAULT_Enterprise": "Manual",
   "Safe": "Manual"
 },
 {
   "Display_Name": "App Readiness",
   "Service_Name": "AppReadiness",
   "DEFAULT_Home": "Manual",
   "DEFAULT_Professional": "Manual",
   "DEFAULT_Enterprise": "Manual",
   "Safe": "Manual"
 },
 {
   "Display_Name": "Application Experience",
   "Service_Name": "AeLookupSvc",
   "DEFAULT_Home": "Manual (Trigger Start)",
   "DEFAULT_Professional": "Manual (Trigger Start)",
   "DEFAULT_Enterprise": "Manual (Trigger Start)",
   "Safe": "Manual"
 },
 {
   "Display_Name": "Application Host Helper Service **",
   "Service_Name": "AppHostSvc",
   "DEFAULT_Home": "Not Installed (Automatic, Started)",
   "DEFAULT_Professional": "Not Installed (Automatic, Started)",
   "DEFAULT_Enterprise": "Not Installed (Automatic, Started)",
   "Safe": "Not Installed"
 },
 {
   "Display_Name": "Application Identity",
   "Service_Name": "AppIDSvc",
   "DEFAULT_Home": "Manual (Trigger Start)",
   "DEFAULT_Professional": "Manual (Trigger Start)",
   "DEFAULT_Enterprise": "Manual (Trigger Start)",
   "Safe": "Manual"
 },
 {
   "Display_Name": "Application Information",
   "Service_Name": "Appinfo",
   "DEFAULT_Home": "Manual (Trigger Start, Started)",
   "DEFAULT_Professional": "Manual (Trigger Start, Started)",
   "DEFAULT_Enterprise": "Manual (Trigger Start, Started)",
   "Safe": "Manual"
 },
 {
   "Display_Name": "Application Layer Gateway Service",
   "Service_Name": "ALG",
   "DEFAULT_Home": "Manual",
   "DEFAULT_Professional": "Manual",
   "DEFAULT_Enterprise": "Manual",
   "Safe": "Manual"
 },
 {
   "Display_Name": "AppX Development Service (AppXSVC)",
   "Service_Name": "AppXSVC",
   "DEFAULT_Home": "Manual",
   "DEFAULT_Professional": "Manual",
   "DEFAULT_Enterprise": "Manual",
   "Safe": "Manual"
 },
 {
   "Display_Name": "Application Management",
   "Service_Name": "AppMgmt",
   "DEFAULT_Home": "Not Available",
   "DEFAULT_Professional": "Manual",
   "DEFAULT_Enterprise": "Manual",
   "Safe": "Disabled *"
 },
 {
   "Display_Name": "ASP.NET State Service **",
   "Service_Name": "aspnet_state",
   "DEFAULT_Home": "Not Installed (Manual)",
   "DEFAULT_Professional": "Not Installed (Manual)",
   "DEFAULT_Enterprise": "Not Installed (Manual)",
   "Safe": "Not Installed"
 },
 {
   "Display_Name": "Background Intelligent Transfer Service",
   "Service_Name": "BITS",
   "DEFAULT_Home": "Automatic (Delayed Start, Started)",
   "DEFAULT_Professional": "Automatic (Delayed Start, Started)",
   "DEFAULT_Enterprise": "Automatic (Delayed Start, Started)",
   "Safe": "Automatic (Delayed Start)"
 },
 {
   "Display_Name": "Background Tasks Infrastructure Service",
   "Service_Name": "BrokerInfrastructure",
   "DEFAULT_Home": "Automatic (Started)",
   "DEFAULT_Professional": "Automatic (Started)",
   "DEFAULT_Enterprise": "Automatic (Started)",
   "Safe": "Automatic"
 },
 {
   "Display_Name": "Base Filtering Engine",
   "Service_Name": "BFE",
   "DEFAULT_Home": "Automatic (Started)",
   "DEFAULT_Professional": "Automatic (Started)",
   "DEFAULT_Enterprise": "Automatic (Started)",
   "Safe": "Automatic"
 },
 {
   "Display_Name": "BitLocker Drive Encryption Service",
   "Service_Name": "BDESVC",
   "DEFAULT_Home": "Manual (Trigger Start)",
   "DEFAULT_Professional": "Manual (Trigger Start)",
   "DEFAULT_Enterprise": "Manual (Trigger Start)",
   "Safe": "Manual"
 },
 {
   "Display_Name": "Block Level Backup Engine Service",
   "Service_Name": "wbengine",
   "DEFAULT_Home": "Manual",
   "DEFAULT_Professional": "Manual",
   "DEFAULT_Enterprise": "Manual",
   "Safe": "Manual"
 },
 {
   "Display_Name": "Bluetooth Support Service",
   "Service_Name": "bthserv",
   "DEFAULT_Home": "Manual (Trigger Start)",
   "DEFAULT_Professional": "Manual (Trigger Start)",
   "DEFAULT_Enterprise": "Manual (Trigger Start)",
   "Safe": "Disabled *"
 },
 {
   "Display_Name": "BranchCache",
   "Service_Name": "PeerDistSvc",
   "DEFAULT_Home": "Not Available",
   "DEFAULT_Professional": "Manual",
   "DEFAULT_Enterprise": "Manual",
   "Safe": "Disabled *"
 },
 {
   "Display_Name": "Certificate Propagation",
   "Service_Name": "CertPropSvc",
   "DEFAULT_Home": "Manual",
   "DEFAULT_Professional": "Manual",
   "DEFAULT_Enterprise": "Manual",
   "Safe": "Disabled *"
 },
 {
   "Display_Name": "Claims to Windows Token Service **",
   "Service_Name": "c2wts",
   "DEFAULT_Home": "Not Installed (Manual)",
   "DEFAULT_Professional": "Not Installed (Manual)",
   "DEFAULT_Enterprise": "Not Installed (Manual)",
   "Safe": "Not Installed"
 },
 {
   "Display_Name": "Client for NFS",
   "Service_Name": "NfsClnt",
   "DEFAULT_Home": "Not Available",
   "DEFAULT_Professional": "Not Available",
   "DEFAULT_Enterprise": "Not Available",
   "Safe": "Disabled *"
 },
 {
   "Display_Name": "CNG Key Isolation",
   "Service_Name": "KeyIso",
   "DEFAULT_Home": "Manual (Trigger Start, Started)",
   "DEFAULT_Professional": "Manual (Trigger Start, Started)",
   "DEFAULT_Enterprise": "Manual (Trigger Start, Started)",
   "Safe": "Manual"
 },
 {
   "Display_Name": "COM+ Event System",
   "Service_Name": "EventSystem",
   "DEFAULT_Home": "Automatic (Started)",
   "DEFAULT_Professional": "Automatic (Started)",
   "DEFAULT_Enterprise": "Automatic (Started)",
   "Safe": "Automatic"
 },
 {
   "Display_Name": "COM+ System Application",
   "Service_Name": "COMSysApp",
   "DEFAULT_Home": "Manual (Started)",
   "DEFAULT_Professional": "Manual (Started)",
   "DEFAULT_Enterprise": "Manual (Started)",
   "Safe": "Manual"
 },
 {
   "Display_Name": "Computer Browser",
   "Service_Name": "Browser",
   "DEFAULT_Home": "Manual (Trigger Start, Started)",
   "DEFAULT_Professional": "Manual (Trigger Start, Started)",
   "DEFAULT_Enterprise": "Manual (Trigger Start, Started)",
   "Safe": "Manual"
 },
 {
   "Display_Name": "Credential Manager",
   "Service_Name": "VaultSvc",
   "DEFAULT_Home": "Manual",
   "DEFAULT_Professional": "Manual",
   "DEFAULT_Enterprise": "Manual",
   "Safe": "Manual"
 },
 {
   "Display_Name": "Cryptographic Services",
   "Service_Name": "CryptSvc",
   "DEFAULT_Home": "Automatic (Started)",
   "DEFAULT_Professional": "Automatic (Started)",
   "DEFAULT_Enterprise": "Automatic (Started)",
   "Safe": "Automatic"
 },
 {
   "Display_Name": "DCOM Server Process Launcher",
   "Service_Name": "DcomLaunch",
   "DEFAULT_Home": "Automatic (Started)",
   "DEFAULT_Professional": "Automatic (Started)",
   "DEFAULT_Enterprise": "Automatic (Started)",
   "Safe": "Automatic"
 },
 {
   "Display_Name": "Device Association Service",
   "Service_Name": "DeviceAssociationService",
   "DEFAULT_Home": "Automatic (Trigger Start, Started)",
   "DEFAULT_Professional": "Automatic (Trigger Start, Started)",
   "DEFAULT_Enterprise": "Automatic (Trigger Start, Started)",
   "Safe": "Automatic"
 },
 {
   "Display_Name": "Device Install Service",
   "Service_Name": "DeviceInstall",
   "DEFAULT_Home": "Manual (Trigger Start)",
   "DEFAULT_Professional": "Manual (Trigger Start)",
   "DEFAULT_Enterprise": "Manual (Trigger Start)",
   "Safe": "Manual"
 },
 {
   "Display_Name": "Device Setup Manager",
   "Service_Name": "DsmSVC",
   "DEFAULT_Home": "Manual (Trigger Start)",
   "DEFAULT_Professional": "Manual (Trigger Start)",
   "DEFAULT_Enterprise": "Manual (Trigger Start)",
   "Safe": "Manual"
 },
 {
   "Display_Name": "DHCP Client",
   "Service_Name": "Dhcp",
   "DEFAULT_Home": "Automatic (Started)",
   "DEFAULT_Professional": "Automatic (Started)",
   "DEFAULT_Enterprise": "Automatic (Started)",
   "Safe": "Automatic"
 },
 {
   "Display_Name": "Diagnostic Policy Service",
   "Service_Name": "DPS",
   "DEFAULT_Home": "Automatic (Started)",
   "DEFAULT_Professional": "Automatic (Started)",
   "DEFAULT_Enterprise": "Automatic (Started)",
   "Safe": "Automatic"
 },
 {
   "Display_Name": "Diagnostic Service Host",
   "Service_Name": "WdiServiceHost",
   "DEFAULT_Home": "Manual (Started)",
   "DEFAULT_Professional": "Manual (Started)",
   "DEFAULT_Enterprise": "Manual (Started)",
   "Safe": "Manual"
 },
 {
   "Display_Name": "Diagnostic System Host",
   "Service_Name": "WdiSystemHost",
   "DEFAULT_Home": "Manual",
   "DEFAULT_Professional": "Manual",
   "DEFAULT_Enterprise": "Manual",
   "Safe": "Manual"
 },
 {
   "Display_Name": "Distributed Link Tracking Client",
   "Service_Name": "TrkWks",
   "DEFAULT_Home": "Automatic (Started)",
   "DEFAULT_Professional": "Automatic (Started)",
   "DEFAULT_Enterprise": "Automatic (Started)",
   "Safe": "Disabled *"
 },
 {
   "Display_Name": "Distributed Transaction Coordinator",
   "Service_Name": "MSDTC",
   "DEFAULT_Home": "Manual",
   "DEFAULT_Professional": "Manual",
   "DEFAULT_Enterprise": "Manual",
   "Safe": "Manual"
 },
 {
   "Display_Name": "DNS Client",
   "Service_Name": "Dnscache",
   "DEFAULT_Home": "Automatic (Trigger Start, Started)",
   "DEFAULT_Professional": "Automatic (Trigger Start, Started)",
   "DEFAULT_Enterprise": "Automatic (Trigger Start, Started)",
   "Safe": "Automatic"
 },
 {
   "Display_Name": "DS Role Server **",
   "Service_Name": "DsRoleSvc",
   "DEFAULT_Home": "Not Available",
   "DEFAULT_Professional": "Not Available",
   "DEFAULT_Enterprise": "Not Available",
   "Safe": "Not installed"
 },
 {
   "Display_Name": "Encrypting File System (EFS)",
   "Service_Name": "EFS",
   "DEFAULT_Home": "Manual (Trigger Start)",
   "DEFAULT_Professional": "Manual (Trigger Start)",
   "DEFAULT_Enterprise": "Manual (Trigger Start)",
   "Safe": "Manual"
 },
 {
   "Display_Name": "Extensible Authentication Protocol",
   "Service_Name": "EapHost",
   "DEFAULT_Home": "Manual",
   "DEFAULT_Professional": "Manual",
   "DEFAULT_Enterprise": "Manual",
   "Safe": "Manual"
 },
 {
   "Display_Name": "Family Safety",
   "Service_Name": "WPCSvc",
   "DEFAULT_Home": "Manual",
   "DEFAULT_Professional": "Manual",
   "DEFAULT_Enterprise": "Manual",
   "Safe": "Disabled *"
 },
 {
   "Display_Name": "Fax **",
   "Service_Name": "Fax",
   "DEFAULT_Home": "Manual",
   "DEFAULT_Professional": "Manual",
   "DEFAULT_Enterprise": "Manual",
   "Safe": "Manual"
 },
 {
   "Display_Name": "File History Service",
   "Service_Name": "fhsvc",
   "DEFAULT_Home": "Manual (Trigger Start)",
   "DEFAULT_Professional": "Manual (Trigger Start)",
   "DEFAULT_Enterprise": "Manual (Trigger Start)",
   "Safe": "Manual"
 },
 {
   "Display_Name": "Function Discovery Provider Host",
   "Service_Name": "fdPHost",
   "DEFAULT_Home": "Manual (Started)",
   "DEFAULT_Professional": "Manual (Started)",
   "DEFAULT_Enterprise": "Manual (Started)",
   "Safe": "Manual"
 },
 {
   "Display_Name": "Function Discovery Resource Publication",
   "Service_Name": "FDResPub",
   "DEFAULT_Home": "Manual (Started)",
   "DEFAULT_Professional": "Manual (Started)",
   "DEFAULT_Enterprise": "Manual (Started)",
   "Safe": "Manual"
 },
 {
   "Display_Name": "Group Policy Client",
   "Service_Name": "gpsvc",
   "DEFAULT_Home": "Automatic (Trigger Start, Started)",
   "DEFAULT_Professional": "Automatic (Trigger Start, Started)",
   "DEFAULT_Enterprise": "Automatic (Trigger Start, Started)",
   "Safe": "Automatic"
 },
 {
   "Display_Name": "Health Key and Certificate Management",
   "Service_Name": "hkmsvc",
   "DEFAULT_Home": "Manual",
   "DEFAULT_Professional": "Manual",
   "DEFAULT_Enterprise": "Manual",
   "Safe": "Manual"
 },
 {
   "Display_Name": "HomeGroup Listener",
   "Service_Name": "HomeGroupListener",
   "DEFAULT_Home": "Manual",
   "DEFAULT_Professional": "Manual",
   "DEFAULT_Enterprise": "Manual",
   "Safe": "Manual"
 },
 {
   "Display_Name": "HomeGroup Provider",
   "Service_Name": "HomeGroupProvider",
   "DEFAULT_Home": "Manual (Trigger Start, Started)",
   "DEFAULT_Professional": "Manual (Trigger Start, Started)",
   "DEFAULT_Enterprise": "Manual (Trigger Start, Started)",
   "Safe": "Manual"
 },
 {
   "Display_Name": "Human Interface Device Access",
   "Service_Name": "hidserv",
   "DEFAULT_Home": "Manual (Trigger Start)",
   "DEFAULT_Professional": "Manual (Trigger Start)",
   "DEFAULT_Enterprise": "Manual (Trigger Start)",
   "Safe": "Manual"
 },
 {
   "Display_Name": "Hyper-V Data Exchange Service",
   "Service_Name": "vmickvpexchange",
   "DEFAULT_Home": "Manual (Trigger Start)",
   "DEFAULT_Professional": "Manual (Trigger Start)",
   "DEFAULT_Enterprise": "Manual (Trigger Start)",
   "Safe": "Disabled *"
 },
 {
   "Display_Name": "Hyper-V Guest Service Interface",
   "Service_Name": "vmicguestinterface",
   "DEFAULT_Home": "Manual (Trigger Start)",
   "DEFAULT_Professional": "Manual (Trigger Start)",
   "DEFAULT_Enterprise": "Manual (Trigger Start)",
   "Safe": "Disabled *"
 },
 {
   "Display_Name": "Hyper-V Guest Shutdown Service",
   "Service_Name": "vmicshutdown",
   "DEFAULT_Home": "Manual (Trigger Start)",
   "DEFAULT_Professional": "Manual (Trigger Start)",
   "DEFAULT_Enterprise": "Manual (Trigger Start)",
   "Safe": "Disabled *"
 },
 {
   "Display_Name": "Hyper-V Heartbeat Service",
   "Service_Name": "vmicheartbeat",
   "DEFAULT_Home": "Manual (Trigger Start)",
   "DEFAULT_Professional": "Manual (Trigger Start)",
   "DEFAULT_Enterprise": "Manual (Trigger Start)",
   "Safe": "Disabled *"
 },
 {
   "Display_Name": "Hyper-V Remote Desktop Virtualization Service",
   "Service_Name": "vmicrdv",
   "DEFAULT_Home": "Manual (Trigger Start)",
   "DEFAULT_Professional": "Manual (Trigger Start)",
   "DEFAULT_Enterprise": "Manual (Trigger Start)",
   "Safe": "Disabled *"
 },
 {
   "Display_Name": "Hyper-V Time Synchronization Service",
   "Service_Name": "vmictimesync",
   "DEFAULT_Home": "Manual (Trigger Start)",
   "DEFAULT_Professional": "Manual (Trigger Start)",
   "DEFAULT_Enterprise": "Manual (Trigger Start)",
   "Safe": "Disabled *"
 },
 {
   "Display_Name": "Hyper-V Volume Shadow Copy Requestor",
   "Service_Name": "vmicvss",
   "DEFAULT_Home": "Manual (Trigger Start)",
   "DEFAULT_Professional": "Manual (Trigger Start)",
   "DEFAULT_Enterprise": "Manual (Trigger Start)",
   "Safe": "Disabled *"
 },
 {
   "Display_Name": "IIS Admin Service **",
   "Service_Name": "IISADMIN",
   "DEFAULT_Home": "Not Installed (Automatic, Started)",
   "DEFAULT_Professional": "Not Installed (Automatic, Started)",
   "DEFAULT_Enterprise": "Not Installed (Automatic, Started)",
   "Safe": "Not Installed"
 },
 {
   "Display_Name": "IKE and AuthIP IPsec Keying Modules",
   "Service_Name": "IKEEXT",
   "DEFAULT_Home": "Manual (Trigger Start)",
   "DEFAULT_Professional": "Manual (Trigger Start)",
   "DEFAULT_Enterprise": "Manual (Trigger Start)",
   "Safe": "Manual"
 },
 {
   "Display_Name": "Interactive Services Detection",
   "Service_Name": "UI0Detect",
   "DEFAULT_Home": "Manual",
   "DEFAULT_Professional": "Manual",
   "DEFAULT_Enterprise": "Manual",
   "Safe": "Manual"
 },
 {
   "Display_Name": "Internet Connection Sharing (ICS)",
   "Service_Name": "SharedAccess",
   "DEFAULT_Home": "Disabled",
   "DEFAULT_Professional": "Disabled",
   "DEFAULT_Enterprise": "Disabled",
   "Safe": "Disabled"
 },
 {
   "Display_Name": "Internet Explorer ETW Collector Service",
   "Service_Name": "IEEtwCollectorService",
   "DEFAULT_Home": "Manual",
   "DEFAULT_Professional": "Manual",
   "DEFAULT_Enterprise": "Manual",
   "Safe": "Disabled *"
 },
 {
   "Display_Name": "IP Helper",
   "Service_Name": "iphlpsvc",
   "DEFAULT_Home": "Automatic (Started)",
   "DEFAULT_Professional": "Automatic (Started)",
   "DEFAULT_Enterprise": "Automatic (Started)",
   "Safe": "Disabled *"
 },
 {
   "Display_Name": "IPsec Policy Agent",
   "Service_Name": "PolicyAgent",
   "DEFAULT_Home": "Manual (Trigger Start)",
   "DEFAULT_Professional": "Manual (Trigger Start)",
   "DEFAULT_Enterprise": "Manual (Trigger Start)",
   "Safe": "Manual"
 },
 {
   "Display_Name": "KtmRm for Distributed Transaction Coordinator",
   "Service_Name": "KtmRm",
   "DEFAULT_Home": "Manual (Trigger Start)",
   "DEFAULT_Professional": "Manual (Trigger Start)",
   "DEFAULT_Enterprise": "Manual (Trigger Start)",
   "Safe": "Manual"
 },
 {
   "Display_Name": "Link-Layer Topology Discovery Mapper",
   "Service_Name": "lltdsvc",
   "DEFAULT_Home": "Manual",
   "DEFAULT_Professional": "Manual",
   "DEFAULT_Enterprise": "Manual",
   "Safe": "Manual"
 },
 {
   "Display_Name": "Local Session Manager",
   "Service_Name": "LSM",
   "DEFAULT_Home": "Automatic (Started)",
   "DEFAULT_Professional": "Automatic (Started)",
   "DEFAULT_Enterprise": "Automatic (Started)",
   "Safe": "Automatic"
 },
 {
   "Display_Name": "LPD Service **",
   "Service_Name": "LPDSVC",
   "DEFAULT_Home": "Not Installed (Automatic, Started)",
   "DEFAULT_Professional": "Not Installed (Automatic, Started)",
   "DEFAULT_Enterprise": "Not Installed (Automatic, Started)",
   "Safe": "Not Installed"
 },
 {
   "Display_Name": "Message Queuing Triggers **",
   "Service_Name": "MSMQTriggers",
   "DEFAULT_Home": "Not Installed (Automatic, Started)",
   "DEFAULT_Professional": "Not Installed (Automatic, Started)",
   "DEFAULT_Enterprise": "Not Installed (Automatic, Started)",
   "Safe": "Not Installed"
 },
 {
   "Display_Name": "Message Queuing **",
   "Service_Name": "MSMQ",
   "DEFAULT_Home": "Not Installed (Automatic, Started)",
   "DEFAULT_Professional": "Not Installed (Automatic, Started)",
   "DEFAULT_Enterprise": "Not Installed (Automatic, Started)",
   "Safe": "Not Installed"
 },
 {
   "Display_Name": "Microsoft Account Sign-in Assistant",
   "Service_Name": "wlidsvc",
   "DEFAULT_Home": "Manual (Trigger Start)",
   "DEFAULT_Professional": "Manual (Trigger Start)",
   "DEFAULT_Enterprise": "Manual (Trigger Start)",
   "Safe": "Manual"
 },
 {
   "Display_Name": "Microsoft FTP Service **",
   "Service_Name": "ftpsvc",
   "DEFAULT_Home": "Not Installed (Automatic, Started)",
   "DEFAULT_Professional": "Not Installed (Automatic, Started)",
   "DEFAULT_Enterprise": "Not Installed (Automatic, Started)",
   "Safe": "Not Installed"
 },
 {
   "Display_Name": "Microsoft iSCSI Initiator Service",
   "Service_Name": "MSiSCSI",
   "DEFAULT_Home": "Manual",
   "DEFAULT_Professional": "Manual",
   "DEFAULT_Enterprise": "Manual",
   "Safe": "Disabled *"
 },
 {
   "Display_Name": "Microsoft Software Shadow Copy Provider",
   "Service_Name": "swprv",
   "DEFAULT_Home": "Manual (Started at boot, then stops)",
   "DEFAULT_Professional": "Manual (Started at boot, then stops)",
   "DEFAULT_Enterprise": "Manual (Started at boot, then stops)",
   "Safe": "Manual"
 },
 {
   "Display_Name": "Multimedia Class Scheduler",
   "Service_Name": "MMCSS",
   "DEFAULT_Home": "Automatic (Started)",
   "DEFAULT_Professional": "Automatic (Started)",
   "DEFAULT_Enterprise": "Automatic (Started)",
   "Safe": "Automatic"
 },
 {
   "Display_Name": "Net.Msmq Listener Adapter **",
   "Service_Name": "NetMsmqActivator",
   "DEFAULT_Home": "Not Installed (Automatic, Started)",
   "DEFAULT_Professional": "Not Installed (Automatic, Started)",
   "DEFAULT_Enterprise": "Not Installed (Automatic, Started)",
   "Safe": "Not Installed"
 },
 {
   "Display_Name": "Net.Pipe Listener Adapter **",
   "Service_Name": "NetPipeActivator",
   "DEFAULT_Home": "Not Installed (Automatic, Started)",
   "DEFAULT_Professional": "Not Installed (Automatic, Started)",
   "DEFAULT_Enterprise": "Not Installed (Automatic, Started)",
   "Safe": "Not Installed"
 },
 {
   "Display_Name": "Net.Tcp Listener Adapter **",
   "Service_Name": "NetTcpActivator",
   "DEFAULT_Home": "Not Installed (Automatic, Started)",
   "DEFAULT_Professional": "Not Installed (Automatic, Started)",
   "DEFAULT_Enterprise": "Not Installed (Automatic, Started)",
   "Safe": "Not Installed"
 },
 {
   "Display_Name": "Net.Tcp Port Sharing Service **",
   "Service_Name": "NetTcpPortSharing",
   "DEFAULT_Home": "Disabled (Changed to Manual and Started if the previous 3 Services are installed)",
   "DEFAULT_Professional": "Disabled (Changed to Manual and Started if the previous 3 Services are installed)",
   "DEFAULT_Enterprise": "Disabled (Changed to Manual and Started if the previous 3 Services are installed)",
   "Safe": "Uninstalled *"
 },
 {
   "Display_Name": "Netlogon",
   "Service_Name": "Netlogon",
   "DEFAULT_Home": "Manual",
   "DEFAULT_Professional": "Manual",
   "DEFAULT_Enterprise": "Manual",
   "Safe": "Disabled *"
 },
 {
   "Display_Name": "Network Access Protection Agent",
   "Service_Name": "napagent",
   "DEFAULT_Home": "Manual",
   "DEFAULT_Professional": "Manual",
   "DEFAULT_Enterprise": "Manual",
   "Safe": "Disabled *"
 },
 {
   "Display_Name": "Network Connected Devices Auto-Setup",
   "Service_Name": "NcdAutoSetup",
   "DEFAULT_Home": "Manual (Trigger Start, Started)",
   "DEFAULT_Professional": "Manual (Trigger Start, Started)",
   "DEFAULT_Enterprise": "Manual (Trigger Start, Started)",
   "Safe": "Manual"
 },
 {
   "Display_Name": "Network Connection Broker",
   "Service_Name": "NcbService",
   "DEFAULT_Home": "Manual (Trigger Start, Started)",
   "DEFAULT_Professional": "Manual (Trigger Start, Started)",
   "DEFAULT_Enterprise": "Manual (Trigger Start, Started)",
   "Safe": "Manual"
 },
 {
   "Display_Name": "Network Connections",
   "Service_Name": "Netman",
   "DEFAULT_Home": "Manual",
   "DEFAULT_Professional": "Manual",
   "DEFAULT_Enterprise": "Manual",
   "Safe": "Manual"
 },
 {
   "Display_Name": "Network Connectivity Assistant",
   "Service_Name": "NcaSVC",
   "DEFAULT_Home": "Manual (Trigger Start)",
   "DEFAULT_Professional": "Manual (Trigger Start)",
   "DEFAULT_Enterprise": "Manual (Trigger Start)",
   "Safe": "Manual"
 },
 {
   "Display_Name": "Network List Service",
   "Service_Name": "netprofm",
   "DEFAULT_Home": "Manual (Started)",
   "DEFAULT_Professional": "Manual (Started)",
   "DEFAULT_Enterprise": "Manual (Started)",
   "Safe": "Manual"
 },
 {
   "Display_Name": "Network Location Awareness",
   "Service_Name": "NlaSvc",
   "DEFAULT_Home": "Automatic (Started)",
   "DEFAULT_Professional": "Automatic (Started)",
   "DEFAULT_Enterprise": "Automatic (Started)",
   "Safe": "Automatic"
 },
 {
   "Display_Name": "Network Store Interface Service",
   "Service_Name": "nsi",
   "DEFAULT_Home": "Automatic (Started)",
   "DEFAULT_Professional": "Automatic (Started)",
   "DEFAULT_Enterprise": "Automatic (Started)",
   "Safe": "Automatic"
 },
 {
   "Display_Name": "Offline Files",
   "Service_Name": "CscService",
   "DEFAULT_Home": "Not Available",
   "DEFAULT_Professional": "Automatic (Trigger Start, Started)",
   "DEFAULT_Enterprise": "Automatic (Trigger Start, Started)",
   "Safe": "Disabled *"
 },
 {
   "Display_Name": "Optimize Drives",
   "Service_Name": "defragsvc",
   "DEFAULT_Home": "Manual",
   "DEFAULT_Professional": "Manual",
   "DEFAULT_Enterprise": "Manual",
   "Safe": "Manual"
 },
 {
   "Display_Name": "Peer Name Resolution Protocol",
   "Service_Name": "PNRPsvc",
   "DEFAULT_Home": "Manual (Started)",
   "DEFAULT_Professional": "Manual (Started)",
   "DEFAULT_Enterprise": "Manual (Started)",
   "Safe": "Manual"
 },
 {
   "Display_Name": "Peer Networking Grouping",
   "Service_Name": "p2psvc",
   "DEFAULT_Home": "Manual (Started)",
   "DEFAULT_Professional": "Manual (Started)",
   "DEFAULT_Enterprise": "Manual (Started)",
   "Safe": "Manual"
 },
 {
   "Display_Name": "Peer Networking Identity Manager",
   "Service_Name": "p2pimsvc",
   "DEFAULT_Home": "Manual (Started)",
   "DEFAULT_Professional": "Manual (Started)",
   "DEFAULT_Enterprise": "Manual (Started)",
   "Safe": "Manual"
 },
 {
   "Display_Name": "Performance Logs & Alerts",
   "Service_Name": "pla",
   "DEFAULT_Home": "Manual",
   "DEFAULT_Professional": "Manual",
   "DEFAULT_Enterprise": "Manual",
   "Safe": "Manual"
 },
 {
   "Display_Name": "Plug and Play",
   "Service_Name": "PlugPlay",
   "DEFAULT_Home": "Manual (Started)",
   "DEFAULT_Professional": "Manual (Started)",
   "DEFAULT_Enterprise": "Manual (Started)",
   "Safe": "Manual"
 },
 {
   "Display_Name": "PNRP Machine Name Publication Service",
   "Service_Name": "PNRPAutoReg",
   "DEFAULT_Home": "Manual",
   "DEFAULT_Professional": "Manual",
   "DEFAULT_Enterprise": "Manual",
   "Safe": "Manual"
 },
 {
   "Display_Name": "Portable Device Enumerator Service",
   "Service_Name": "WPDBusEnum",
   "DEFAULT_Home": "Manual (Trigger Start)",
   "DEFAULT_Professional": "Manual (Trigger Start)",
   "DEFAULT_Enterprise": "Manual (Trigger Start)",
   "Safe": "Manual"
 },
 {
   "Display_Name": "Power",
   "Service_Name": "Power",
   "DEFAULT_Home": "Automatic (Started)",
   "DEFAULT_Professional": "Automatic (Started)",
   "DEFAULT_Enterprise": "Automatic (Started)",
   "Safe": "Automatic"
 },
 {
   "Display_Name": "Print Spooler",
   "Service_Name": "Spooler",
   "DEFAULT_Home": "Automatic (Started)",
   "DEFAULT_Professional": "Automatic (Started)",
   "DEFAULT_Enterprise": "Automatic (Started)",
   "Safe": "Automatic"
 },
 {
   "Display_Name": "Printer Extensions and Notifications",
   "Service_Name": "PrintNotify",
   "DEFAULT_Home": "Manual",
   "DEFAULT_Professional": "Manual",
   "DEFAULT_Enterprise": "Manual",
   "Safe": "Manual"
 },
 {
   "Display_Name": "Problem Reports and Solutions Control Panel Support",
   "Service_Name": "wercplsupport",
   "DEFAULT_Home": "Manual",
   "DEFAULT_Professional": "Manual",
   "DEFAULT_Enterprise": "Manual",
   "Safe": "Manual"
 },
 {
   "Display_Name": "Program Compatibility Assistant Service",
   "Service_Name": "PcaSvc",
   "DEFAULT_Home": "Automatic",
   "DEFAULT_Professional": "Automatic",
   "DEFAULT_Enterprise": "Automatic",
   "Safe": "Automatic"
 },
 {
   "Display_Name": "Quality Windows Audio Video Experience",
   "Service_Name": "QWAVE",
   "DEFAULT_Home": "Manual",
   "DEFAULT_Professional": "Manual",
   "DEFAULT_Enterprise": "Manual",
   "Safe": "Manual"
 },
 {
   "Display_Name": "Remote Access Auto Connection Manager",
   "Service_Name": "RasAuto",
   "DEFAULT_Home": "Manual",
   "DEFAULT_Professional": "Manual",
   "DEFAULT_Enterprise": "Manual",
   "Safe": "Manual"
 },
 {
   "Display_Name": "Remote Access Connection Manager",
   "Service_Name": "RasMan",
   "DEFAULT_Home": "Manual",
   "DEFAULT_Professional": "Manual",
   "DEFAULT_Enterprise": "Manual",
   "Safe": "Manual"
 },
 {
   "Display_Name": "Remote Desktop Configuration",
   "Service_Name": "SessionEnv",
   "DEFAULT_Home": "Manual (Maybe Started when using Remote Desktop)",
   "DEFAULT_Professional": "Manual (Maybe Started when using Remote Desktop)",
   "DEFAULT_Enterprise": "Manual (Maybe Started when using Remote Desktop)",
   "Safe": "Manual"
 },
 {
   "Display_Name": "Remote Desktop Services UserMode Port Redirector",
   "Service_Name": "UmRdpService",
   "DEFAULT_Home": "Manual (Maybe Started when using Remote Desktop)",
   "DEFAULT_Professional": "Manual (Maybe Started when using Remote Desktop)",
   "DEFAULT_Enterprise": "Manual (Maybe Started when using Remote Desktop)",
   "Safe": "Manual"
 },
 {
   "Display_Name": "Remote Desktop Services",
   "Service_Name": "TermService",
   "DEFAULT_Home": "Manual (Maybe Started when using Remote Desktop)",
   "DEFAULT_Professional": "Manual (Maybe Started when using Remote Desktop)",
   "DEFAULT_Enterprise": "Manual (Maybe Started when using Remote Desktop)",
   "Safe": "Manual"
 },
 {
   "Display_Name": "Remote Procedure Call (RPC)",
   "Service_Name": "RpcSs",
   "DEFAULT_Home": "Automatic (Started)",
   "DEFAULT_Professional": "Automatic (Started)",
   "DEFAULT_Enterprise": "Automatic (Started)",
   "Safe": "Automatic"
 },
 {
   "Display_Name": "Remote Procedure Call (RPC) Locator",
   "Service_Name": "RpcLocator",
   "DEFAULT_Home": "Manual",
   "DEFAULT_Professional": "Manual",
   "DEFAULT_Enterprise": "Manual",
   "Safe": "Disabled *"
 },
 {
   "Display_Name": "Remote Registry",
   "Service_Name": "RemoteRegistry",
   "DEFAULT_Home": "Disabled",
   "DEFAULT_Professional": "Disabled",
   "DEFAULT_Enterprise": "Disabled",
   "Safe": "Disabled"
 },
 {
   "Display_Name": "RIP Listener **",
   "Service_Name": "iprip",
   "DEFAULT_Home": "Not Installed (Automatic, Started)",
   "DEFAULT_Professional": "Not Installed (Automatic, Started)",
   "DEFAULT_Enterprise": "Not Installed (Automatic, Started)",
   "Safe": "Not Installed"
 },
 {
   "Display_Name": "Routing and Remote Access",
   "Service_Name": "RemoteAccess",
   "DEFAULT_Home": "Disabled",
   "DEFAULT_Professional": "Disabled",
   "DEFAULT_Enterprise": "Disabled",
   "Safe": "Disabled"
 },
 {
   "Display_Name": "RPC Endpoint Mapper",
   "Service_Name": "RpcEptMapper",
   "DEFAULT_Home": "Automatic (Started)",
   "DEFAULT_Professional": "Automatic (Started)",
   "DEFAULT_Enterprise": "Automatic (Started)",
   "Safe": "Automatic"
 },
 {
   "Display_Name": "Secondary Logon",
   "Service_Name": "seclogon",
   "DEFAULT_Home": "Manual",
   "DEFAULT_Professional": "Manual",
   "DEFAULT_Enterprise": "Manual",
   "Safe": "Manual"
 },
 {
   "Display_Name": "Secure Socket Tunneling Protocol Service",
   "Service_Name": "SstpSvc",
   "DEFAULT_Home": "Manual",
   "DEFAULT_Professional": "Manual",
   "DEFAULT_Enterprise": "Manual",
   "Safe": "Manual"
 },
 {
   "Display_Name": "Security Accounts Manager",
   "Service_Name": "SamSs",
   "DEFAULT_Home": "Automatic (Started)",
   "DEFAULT_Professional": "Automatic (Started)",
   "DEFAULT_Enterprise": "Automatic (Started)",
   "Safe": "Automatic"
 },
 {
   "Display_Name": "Security Center",
   "Service_Name": "wscsvc",
   "DEFAULT_Home": "Automatic (Delayed Start, Started)",
   "DEFAULT_Professional": "Automatic (Delayed Start, Started)",
   "DEFAULT_Enterprise": "Automatic (Delayed Start, Started)",
   "Safe": "Automatic (Delayed Start)"
 },
 {
   "Display_Name": "Sensor Monitoring Service",
   "Service_Name": "SensrSvc",
   "DEFAULT_Home": "Manual (Trigger Start)",
   "DEFAULT_Professional": "Manual (Trigger Start)",
   "DEFAULT_Enterprise": "Manual (Trigger Start)",
   "Safe": "Disabled *"
 },
 {
   "Display_Name": "Server",
   "Service_Name": "LanmanServer",
   "DEFAULT_Home": "Automatic (Started)",
   "DEFAULT_Professional": "Automatic (Started)",
   "DEFAULT_Enterprise": "Automatic (Started)",
   "Safe": "Automatic"
 },
 {
   "Display_Name": "Shell Hardware Detection",
   "Service_Name": "ShellHWDetection",
   "DEFAULT_Home": "Automatic (Started)",
   "DEFAULT_Professional": "Automatic (Started)",
   "DEFAULT_Enterprise": "Automatic (Started)",
   "Safe": "Automatic"
 },
 {
   "Display_Name": "Simple TCP/IP Services **",
   "Service_Name": "simptcp",
   "DEFAULT_Home": "Not Installed (Automatic, Started)",
   "DEFAULT_Professional": "Not Installed (Automatic, Started)",
   "DEFAULT_Enterprise": "Not Installed (Automatic, Started)",
   "Safe": "Not Installed"
 },
 {
   "Display_Name": "Smart Card",
   "Service_Name": "SCardSvr",
   "DEFAULT_Home": "Disabled",
   "DEFAULT_Professional": "Disabled",
   "DEFAULT_Enterprise": "Disabled",
   "Safe": "Disabled"
 },
 {
   "Display_Name": "Smart Card Device Enumeration Service",
   "Service_Name": "ScDeviceEnum",
   "DEFAULT_Home": "Manual (Trigger Start)",
   "DEFAULT_Professional": "Manual (Trigger Start)",
   "DEFAULT_Enterprise": "Manual (Trigger Start)",
   "Safe": "Disabled *"
 },
 {
   "Display_Name": "Smart Card Removal Policy",
   "Service_Name": "SCPolicySvc",
   "DEFAULT_Home": "Manual",
   "DEFAULT_Professional": "Manual",
   "DEFAULT_Enterprise": "Manual",
   "Safe": "Disabled *"
 },
 {
   "Display_Name": "SNMP Service **",
   "Service_Name": "SNMP",
   "DEFAULT_Home": "Not Installed (Automatic, Started)",
   "DEFAULT_Professional": "Not Installed (Automatic, Started)",
   "DEFAULT_Enterprise": "Not Installed (Automatic, Started)",
   "Safe": "Not Installed"
 },
 {
   "Display_Name": "SNMP Trap",
   "Service_Name": "SNMPTRAP",
   "DEFAULT_Home": "Manual",
   "DEFAULT_Professional": "Manual",
   "DEFAULT_Enterprise": "Manual",
   "Safe": "Disabled *"
 },
 {
   "Display_Name": "Software Protection",
   "Service_Name": "sppsvc",
   "DEFAULT_Home": "Automatic (Delayed Start, Started)",
   "DEFAULT_Professional": "Automatic (Delayed Start, Started)",
   "DEFAULT_Enterprise": "Automatic (Delayed Start, Started)",
   "Safe": "Automatic (Delayed Start)"
 },
 {
   "Display_Name": "Spot Verifier",
   "Service_Name": "svsvc",
   "DEFAULT_Home": "Manual (Trigger Start)",
   "DEFAULT_Professional": "Manual (Trigger Start)",
   "DEFAULT_Enterprise": "Manual (Trigger Start)",
   "Safe": "Manual"
 },
 {
   "Display_Name": "SSDP Discovery",
   "Service_Name": "SSDPSRV",
   "DEFAULT_Home": "Manual (Started)",
   "DEFAULT_Professional": "Manual (Started)",
   "DEFAULT_Enterprise": "Manual (Started)",
   "Safe": "Manual"
 },
 {
   "Display_Name": "Still Image Acquisition Events",
   "Service_Name": "WiaRpc",
   "DEFAULT_Home": "Manual",
   "DEFAULT_Professional": "Manual",
   "DEFAULT_Enterprise": "Manual",
   "Safe": "Manual"
 },
 {
   "Display_Name": "Storage Service",
   "Service_Name": "StorSvc",
   "DEFAULT_Home": "Manual (Trigger Start)",
   "DEFAULT_Professional": "Manual (Trigger Start)",
   "DEFAULT_Enterprise": "Manual (Trigger Start)",
   "Safe": "Disabled *"
 },
 {
   "Display_Name": "Superfetch",
   "Service_Name": "SysMain",
   "DEFAULT_Home": "Automatic (Started)",
   "DEFAULT_Professional": "Automatic (Started)",
   "DEFAULT_Enterprise": "Automatic (Started)",
   "Safe": "Automatic"
 },
 {
   "Display_Name": "System Event Notification Service",
   "Service_Name": "SENS",
   "DEFAULT_Home": "Automatic (Started)",
   "DEFAULT_Professional": "Automatic (Started)",
   "DEFAULT_Enterprise": "Automatic (Started)",
   "Safe": "Automatic"
 },
 {
   "Display_Name": "System Events Broker",
   "Service_Name": "SystemEventsBroker",
   "DEFAULT_Home": "Automatic (Trigger Start, Started)",
   "DEFAULT_Professional": "Automatic (Trigger Start, Started)",
   "DEFAULT_Enterprise": "Automatic (Trigger Start, Started)",
   "Safe": "Automatic"
 },
 {
   "Display_Name": "Task Scheduler",
   "Service_Name": "Schedule",
   "DEFAULT_Home": "Automatic (Started)",
   "DEFAULT_Professional": "Automatic (Started)",
   "DEFAULT_Enterprise": "Automatic (Started)",
   "Safe": "Automatic"
 },
 {
   "Display_Name": "TCP/IP NetBIOS Helper",
   "Service_Name": "lmhosts",
   "DEFAULT_Home": "Automatic (Trigger Start, Started)",
   "DEFAULT_Professional": "Automatic (Trigger Start, Started)",
   "DEFAULT_Enterprise": "Automatic (Trigger Start, Started)",
   "Safe": "Automatic"
 },
 {
   "Display_Name": "Telephony",
   "Service_Name": "TapiSrv",
   "DEFAULT_Home": "Manual",
   "DEFAULT_Professional": "Manual",
   "DEFAULT_Enterprise": "Manual",
   "Safe": "Manual"
 },
 {
   "Display_Name": "Telnet **",
   "Service_Name": "TlntSvr",
   "DEFAULT_Home": "Not Installed (Disabled)",
   "DEFAULT_Professional": "Not Installed (Disabled)",
   "DEFAULT_Enterprise": "Not Installed (Disabled)",
   "Safe": "Not Installed"
 },
 {
   "Display_Name": "Themes",
   "Service_Name": "Themes",
   "DEFAULT_Home": "Automatic (Started)",
   "DEFAULT_Professional": "Automatic (Started)",
   "DEFAULT_Enterprise": "Automatic (Started)",
   "Safe": "Automatic"
 },
 {
   "Display_Name": "Thread Ordering Server",
   "Service_Name": "THREADORDER",
   "DEFAULT_Home": "Manual",
   "DEFAULT_Professional": "Manual",
   "DEFAULT_Enterprise": "Manual",
   "Safe": "Manual"
 },
 {
   "Display_Name": "Time Broker",
   "Service_Name": "TimeBroker",
   "DEFAULT_Home": "Manual (Trigger Start, Started)",
   "DEFAULT_Professional": "Manual (Trigger Start, Started)",
   "DEFAULT_Enterprise": "Manual (Trigger Start, Started)",
   "Safe": "Manual"
 },
 {
   "Display_Name": "Touch Keyboard and Handwriting Panel Service",
   "Service_Name": "TabletInputService",
   "DEFAULT_Home": "Manual (Trigger Start)",
   "DEFAULT_Professional": "Manual (Trigger Start)",
   "DEFAULT_Enterprise": "Manual (Trigger Start)",
   "Safe": "Manual"
 },
 {
   "Display_Name": "UPnP Device Host",
   "Service_Name": "upnphost",
   "DEFAULT_Home": "Manual",
   "DEFAULT_Professional": "Manual",
   "DEFAULT_Enterprise": "Manual",
   "Safe": "Manual"
 },
 {
   "Display_Name": "User Profile Service",
   "Service_Name": "ProfSvc",
   "DEFAULT_Home": "Automatic (Started)",
   "DEFAULT_Professional": "Automatic (Started)",
   "DEFAULT_Enterprise": "Automatic (Started)",
   "Safe": "Automatic"
 },
 {
   "Display_Name": "Virtual Disk",
   "Service_Name": "vds",
   "DEFAULT_Home": "Manual",
   "DEFAULT_Professional": "Manual",
   "DEFAULT_Enterprise": "Manual",
   "Safe": "Manual"
 },
 {
   "Display_Name": "Volume Shadow Copy",
   "Service_Name": "VSS",
   "DEFAULT_Home": "Manual",
   "DEFAULT_Professional": "Manual",
   "DEFAULT_Enterprise": "Manual",
   "Safe": "Manual"
 },
 {
   "Display_Name": "Web Management Service **",
   "Service_Name": "WMSVC",
   "DEFAULT_Home": "Not Installed (Manual)",
   "DEFAULT_Professional": "Not Installed (Manual)",
   "DEFAULT_Enterprise": "Not Installed (Manual)",
   "Safe": "Not Installed"
 },
 {
   "Display_Name": "WebClient",
   "Service_Name": "WebClient",
   "DEFAULT_Home": "Manual (Trigger Start)",
   "DEFAULT_Professional": "Manual (Trigger Start)",
   "DEFAULT_Enterprise": "Manual (Trigger Start)",
   "Safe": "Manual"
 },
 {
   "Display_Name": "Windows Audio",
   "Service_Name": "AudioSrv",
   "DEFAULT_Home": "Automatic (Started)",
   "DEFAULT_Professional": "Automatic (Started)",
   "DEFAULT_Enterprise": "Automatic (Started)",
   "Safe": "Automatic"
 },
 {
   "Display_Name": "Windows Audio Endpoint Builder",
   "Service_Name": "AudioEndpointBuilder",
   "DEFAULT_Home": "Automatic (Started)",
   "DEFAULT_Professional": "Automatic (Started)",
   "DEFAULT_Enterprise": "Automatic (Started)",
   "Safe": "�Automatic"
 },
 {
   "Display_Name": "Windows Biometric Service",
   "Service_Name": "WbioSrvc",
   "DEFAULT_Home": "Manual",
   "DEFAULT_Professional": "Manual",
   "DEFAULT_Enterprise": "Manual",
   "Safe": "Disabled *"
 },
 {
   "Display_Name": "Windows Color System",
   "Service_Name": "WcsPlugInService",
   "DEFAULT_Home": "Manual",
   "DEFAULT_Professional": "Manual",
   "DEFAULT_Enterprise": "Manual",
   "Safe": "Manual"
 },
 {
   "Display_Name": "Windows Connect Now - Config Registrar",
   "Service_Name": "wcncsvc",
   "DEFAULT_Home": "Manual",
   "DEFAULT_Professional": "Manual",
   "DEFAULT_Enterprise": "Manual",
   "Safe": "Disabled *"
 },
 {
   "Display_Name": "Windows Connection Manager",
   "Service_Name": "Wcmsvc",
   "DEFAULT_Home": "Automatic (Trigger Start, Started)",
   "DEFAULT_Professional": "Automatic (Trigger Start, Started)",
   "DEFAULT_Enterprise": "Automatic (Trigger Start, Started)",
   "Safe": "Automatic"
 },
 {
   "Display_Name": "Windows Defender Network Inspection Service",
   "Service_Name": "WdNisSvc",
   "DEFAULT_Home": "Manual",
   "DEFAULT_Professional": "Manual",
   "DEFAULT_Enterprise": "Manual",
   "Safe": "Manual"
 },
 {
   "Display_Name": "Windows Defender Service",
   "Service_Name": "WinDefend",
   "DEFAULT_Home": "Automatic (Started)",
   "DEFAULT_Professional": "Automatic (Started)",
   "DEFAULT_Enterprise": "Automatic (Started)",
   "Safe": "Automatic"
 },
 {
   "Display_Name": "Windows Driver Foundation - User-mode Driver Framework",
   "Service_Name": "wudfsvc",
   "DEFAULT_Home": "Manual (Trigger Start)",
   "DEFAULT_Professional": "Manual (Trigger Start)",
   "DEFAULT_Enterprise": "Manual (Trigger Start)",
   "Safe": "Manual"
 },
 {
   "Display_Name": "Windows Encryption Provider Host Service",
   "Service_Name": "WEPHOSTSVC",
   "DEFAULT_Home": "Manual (Trigger Start)",
   "DEFAULT_Professional": "Manual (Trigger Start)",
   "DEFAULT_Enterprise": "Manual (Trigger Start)",
   "Safe": "Manual"
 },
 {
   "Display_Name": "Windows Error Reporting Service",
   "Service_Name": "WerSvc",
   "DEFAULT_Home": "Manual (Trigger Start)",
   "DEFAULT_Professional": "Manual (Trigger Start)",
   "DEFAULT_Enterprise": "Manual (Trigger Start)",
   "Safe": "Manual"
 },
 {
   "Display_Name": "Windows Event Collector",
   "Service_Name": "Wecsvc",
   "DEFAULT_Home": "Manual",
   "DEFAULT_Professional": "Manual",
   "DEFAULT_Enterprise": "Manual",
   "Safe": "Manual"
 },
 {
   "Display_Name": "Windows Event Log",
   "Service_Name": "EventLog",
   "DEFAULT_Home": "Automatic (Started)",
   "DEFAULT_Professional": "Automatic (Started)",
   "DEFAULT_Enterprise": "Automatic (Started)",
   "Safe": "Automatic"
 },
 {
   "Display_Name": "Windows Firewall",
   "Service_Name": "MpsSvc",
   "DEFAULT_Home": "Automatic (Started)",
   "DEFAULT_Professional": "Automatic (Started)",
   "DEFAULT_Enterprise": "Automatic (Started)",
   "Safe": "Automatic"
 },
 {
   "Display_Name": "Windows Font Cache Service",
   "Service_Name": "FontCache",
   "DEFAULT_Home": "Automatic (Started)",
   "DEFAULT_Professional": "Automatic (Started)",
   "DEFAULT_Enterprise": "Automatic (Started)",
   "Safe": "Automatic"
 },
 {
   "Display_Name": "Windows Image Acquisition (WIA)",
   "Service_Name": "StiSvc",
   "DEFAULT_Home": "Manual",
   "DEFAULT_Professional": "Manual",
   "DEFAULT_Enterprise": "Manual",
   "Safe": "Manual"
 },
 {
   "Display_Name": "Windows Installer",
   "Service_Name": "msiserver",
   "DEFAULT_Home": "Manual",
   "DEFAULT_Professional": "Manual",
   "DEFAULT_Enterprise": "Manual",
   "Safe": "Manual"
 },
 {
   "Display_Name": "Windows Location Framework Service",
   "Service_Name": "lfsvc",
   "DEFAULT_Home": "Manual (Trigger Start)",
   "DEFAULT_Professional": "Manual (Trigger Start)",
   "DEFAULT_Enterprise": "Manual (Trigger Start)",
   "Safe": "Disabled *"
 },
 {
   "Display_Name": "Windows Management Instrumentation",
   "Service_Name": "Winmgmt",
   "DEFAULT_Home": "Automatic (Started)",
   "DEFAULT_Professional": "Automatic (Started)",
   "DEFAULT_Enterprise": "Automatic (Started)",
   "Safe": "Automatic"
 },
 {
   "Display_Name": "Windows Media Player Network Sharing Service **",
   "Service_Name": "WMPNetworkSvc",
   "DEFAULT_Home": "Manual",
   "DEFAULT_Professional": "Manual",
   "DEFAULT_Enterprise": "Manual",
   "Safe": "Disabled * (Uninstalled)"
 },
 {
   "Display_Name": "Windows Modules Installer",
   "Service_Name": "TrustedInstaller",
   "DEFAULT_Home": "Manual",
   "DEFAULT_Professional": "Manual",
   "DEFAULT_Enterprise": "Manual",
   "Safe": "Manual"
 },
 {
   "Display_Name": "Windows Presentation Foundation Font Cache 3.0.0.0 **",
   "Service_Name": "FontCache3.0.0.0",
   "DEFAULT_Home": "Not Installed (Manual)",
   "DEFAULT_Professional": "Not Installed (Manual)",
   "DEFAULT_Enterprise": "Not Installed (Manual)",
   "Safe": "Not Installed"
 },
 {
   "Display_Name": "Windows Process Activation Service **",
   "Service_Name": "WAS",
   "DEFAULT_Home": "Not Installed (Manual, Started)",
   "DEFAULT_Professional": "Not Installed (Manual, Started)",
   "DEFAULT_Enterprise": "Not Installed (Manual, Started)",
   "Safe": "Not Installed"
 },
 {
   "Display_Name": "Windows Remote Management (WS-Management)",
   "Service_Name": "WinRM",
   "DEFAULT_Home": "Manual",
   "DEFAULT_Professional": "Manual",
   "DEFAULT_Enterprise": "Manual",
   "Safe": "Manual"
 },
 {
   "Display_Name": "Windows Search **",
   "Service_Name": "WSearch",
   "DEFAULT_Home": "Automatic (Delayed Start, Started)",
   "DEFAULT_Professional": "Automatic (Delayed Start, Started)",
   "DEFAULT_Enterprise": "Automatic (Delayed Start, Started)",
   "Safe": "Automatic (Delayed Start)"
 },
 {
   "Display_Name": "Windows Store Service (WSService)",
   "Service_Name": "WSService",
   "DEFAULT_Home": "Manual (Trigger Start)",
   "DEFAULT_Professional": "Manual (Trigger Start)",
   "DEFAULT_Enterprise": "Manual (Trigger Start)",
   "Safe": "Manual"
 },
 {
   "Display_Name": "Windows Time",
   "Service_Name": "W32Time",
   "DEFAULT_Home": "Manual (Trigger Start)",
   "DEFAULT_Professional": "Manual (Trigger Start)",
   "DEFAULT_Enterprise": "Manual (Trigger Start)",
   "Safe": "Manual"
 },
 {
   "Display_Name": "Windows Update",
   "Service_Name": "wuauserv",
   "DEFAULT_Home": "Manual (Trigger Start)",
   "DEFAULT_Professional": "Manual (Trigger Start)",
   "DEFAULT_Enterprise": "Manual (Trigger Start)",
   "Safe": "Manual"
 },
 {
   "Display_Name": "WinHTTP Web Proxy Auto-Discovery Service",
   "Service_Name": "WinHttpAutoProxySvc",
   "DEFAULT_Home": "Manual (Started)",
   "DEFAULT_Professional": "Manual (Started)",
   "DEFAULT_Enterprise": "Manual (Started)",
   "Safe": "Manual"
 },
 {
   "Display_Name": "Wired AutoConfig",
   "Service_Name": "dot3svc",
   "DEFAULT_Home": "Manual",
   "DEFAULT_Professional": "Manual",
   "DEFAULT_Enterprise": "Manual",
   "Safe": "Manual"
 },
 {
   "Display_Name": "WLAN AutoConfig",
   "Service_Name": "WlanSvc",
   "DEFAULT_Home": "Manual (Automatic with Wireless Card Installed)",
   "DEFAULT_Professional": "Manual (Automatic with Wireless Card Installed)",
   "DEFAULT_Enterprise": "Manual (Automatic with Wireless Card Installed)",
   "Safe": "Manual"
 },
 {
   "Display_Name": "WMI Performance Adapter",
   "Service_Name": "wmiApSrv",
   "DEFAULT_Home": "Manual",
   "DEFAULT_Professional": "Manual",
   "DEFAULT_Enterprise": "Manual",
   "Safe": "Manual"
 },
 {
   "Display_Name": "Work Folders",
   "Service_Name": "workfolderssvc",
   "DEFAULT_Home": "Manual",
   "DEFAULT_Professional": "Manual",
   "DEFAULT_Enterprise": "Manual",
   "Safe": "Manual"
 },
 {
   "Display_Name": "Workstation",
   "Service_Name": "LanmanWorkstation",
   "DEFAULT_Home": "Automatic (Started)",
   "DEFAULT_Professional": "Automatic (Started)",
   "DEFAULT_Enterprise": "Automatic (Started)",
   "Safe": "Automatic"
 },
 {
   "Display_Name": "World Wide Web Publishing Service **",
   "Service_Name": "W3SVC",
   "DEFAULT_Home": "Not Installed (Automatic, Started)",
   "DEFAULT_Professional": "Not Installed (Automatic, Started)",
   "DEFAULT_Enterprise": "Not Installed (Automatic, Started)",
   "Safe": "Not Installed"
 },
 {
   "Display_Name": "WWAN AutoConfig",
   "Service_Name": "WwanSvc",
   "DEFAULT_Home": "Manual",
   "DEFAULT_Professional": "Manual",
   "DEFAULT_Enterprise": "Manual",
   "Safe": "Manual"
 }
]