[
 {
   "Display_Name": "ActiveX Installer (AxInstSV)",
   "Service_Name": "AxInstSV",
   "DEFAULT_Starter": "Manual",
   "DEFAULT_Home_Basic": "Manual",
   "DEFAULT_Home_Premium": "Manual",
   "DEFAULT_Professional": "Manual",
   "DEFAULT_Ultimate": "Manual",
   "DEFAULT_Enterprise": "Manual",
   "Safe": "Manual",
   "Tweaked": "Disabled *",
   "Bare_bones": "Disabled *"
 },
 {
   "Display_Name": "Adaptive Brightness",
   "Service_Name": "SensrSvc",
   "DEFAULT_Starter": "Not Available",
   "DEFAULT_Home_Basic": "Manual",
   "DEFAULT_Home_Premium": "Manual",
   "DEFAULT_Professional": "Manual",
   "DEFAULT_Ultimate": "Manual",
   "DEFAULT_Enterprise": "Manual",
   "Safe": "Manual",
   "Tweaked": "Disabled *",
   "Bare_bones": "Disabled *"
 },
 {
   "Display_Name": "Application Experience",
   "Service_Name": "AeLookupSvc",
   "DEFAULT_Starter": "Manual ****",
   "DEFAULT_Home_Basic": "Manual ****",
   "DEFAULT_Home_Premium": "Manual ****",
   "DEFAULT_Professional": "Manual ****",
   "DEFAULT_Ultimate": "Manual ****",
   "DEFAULT_Enterprise": "Manual ****",
   "Safe": "Manual",
   "Tweaked": "Manual",
   "Bare_bones": "Manual"
 },
 {
   "Display_Name": "Application Host Helper Service **",
   "Service_Name": "AppHostSvc",
   "DEFAULT_Starter": "Not Installed (Automatic, Started)",
   "DEFAULT_Home_Basic": "Not Installed (Automatic, Started)",
   "DEFAULT_Home_Premium": "Not Installed (Automatic, Started)",
   "DEFAULT_Professional": "Not Installed (Automatic, Started)",
   "DEFAULT_Ultimate": "Not Installed (Automatic, Started)",
   "DEFAULT_Enterprise": "Not Installed (Automatic, Started)",
   "Safe": "Not Installed",
   "Tweaked": "Not Installed",
   "Bare_bones": "Not Installed"
 },
 {
   "Display_Name": "Application Identity",
   "Service_Name": "AppIDSvc",
   "DEFAULT_Starter": "Manual",
   "DEFAULT_Home_Basic": "Manual",
   "DEFAULT_Home_Premium": "Manual",
   "DEFAULT_Professional": "Manual",
   "DEFAULT_Ultimate": "Manual",
   "DEFAULT_Enterprise": "Manual",
   "Safe": "Manual",
   "Tweaked": "Manual",
   "Bare_bones": "Manual"
 },
 {
   "Display_Name": "Application Information",
   "Service_Name": "Appinfo",
   "DEFAULT_Starter": "Manual (Started)",
   "DEFAULT_Home_Basic": "Manual (Started)",
   "DEFAULT_Home_Premium": "Manual (Started)",
   "DEFAULT_Professional": "Manual (Started)",
   "DEFAULT_Ultimate": "Manual (Started)",
   "DEFAULT_Enterprise": "Manual (Started)",
   "Safe": "Manual",
   "Tweaked": "Manual",
   "Bare_bones": "Manual"
 },
 {
   "Display_Name": "Application Layer Gateway Service",
   "Service_Name": "ALG",
   "DEFAULT_Starter": "Manual",
   "DEFAULT_Home_Basic": "Manual",
   "DEFAULT_Home_Premium": "Manual",
   "DEFAULT_Professional": "Manual",
   "DEFAULT_Ultimate": "Manual",
   "DEFAULT_Enterprise": "Manual",
   "Safe": "Manual",
   "Tweaked": "Disabled *",
   "Bare_bones": "Disabled *"
 },
 {
   "Display_Name": "Application Management",
   "Service_Name": "AppMgmt",
   "DEFAULT_Starter": "Not Available",
   "DEFAULT_Home_Basic": "Not Available",
   "DEFAULT_Home_Premium": "Not Available",
   "DEFAULT_Professional": "Manual",
   "DEFAULT_Ultimate": "Manual",
   "DEFAULT_Enterprise": "Manual",
   "Safe": "Disabled *",
   "Tweaked": "Disabled *",
   "Bare_bones": "Disabled *"
 },
 {
   "Display_Name": "ASP.NET State Service **",
   "Service_Name": "aspnet_state",
   "DEFAULT_Starter": "Not Available",
   "DEFAULT_Home_Basic": "Not Available",
   "DEFAULT_Home_Premium": "Not Installed (Manual)",
   "DEFAULT_Professional": "Not Installed (Manual)",
   "DEFAULT_Ultimate": "Not Installed (Manual)",
   "DEFAULT_Enterprise": "Not Installed (Manual)",
   "Safe": "Not Installed",
   "Tweaked": "Not Installed",
   "Bare_bones": "Not Installed"
 },
 {
   "Display_Name": "Background Intelligent Transfer Service",
   "Service_Name": "BITS",
   "DEFAULT_Starter": "Manual",
   "DEFAULT_Home_Basic": "Manual",
   "DEFAULT_Home_Premium": "Manual",
   "DEFAULT_Professional": "Manual",
   "DEFAULT_Ultimate": "Manual",
   "DEFAULT_Enterprise": "Manual",
   "Safe": "Manual",
   "Tweaked": "Manual",
   "Bare_bones": "Disabled *"
 },
 {
   "Display_Name": "Base Filtering Engine",
   "Service_Name": "BFE",
   "DEFAULT_Starter": "Automatic (Started)",
   "DEFAULT_Home_Basic": "Automatic (Started)",
   "DEFAULT_Home_Premium": "Automatic (Started)",
   "DEFAULT_Professional": "Automatic (Started)",
   "DEFAULT_Ultimate": "Automatic (Started)",
   "DEFAULT_Enterprise": "Automatic (Started)",
   "Safe": "Automatic",
   "Tweaked": "Automatic",
   "Bare_bones": "Disabled *"
 },
 {
   "Display_Name": "BitLocker Drive Encryption Service",
   "Service_Name": "BDESVC",
   "DEFAULT_Starter": "Manual",
   "DEFAULT_Home_Basic": "Manual",
   "DEFAULT_Home_Premium": "Manual",
   "DEFAULT_Professional": "Manual",
   "DEFAULT_Ultimate": "Manual",
   "DEFAULT_Enterprise": "Manual",
   "Safe": "Manual",
   "Tweaked": "Disabled *",
   "Bare_bones": "Disabled *"
 },
 {
   "Display_Name": "Block Level Backup Engine Service",
   "Service_Name": "wbengine",
   "DEFAULT_Starter": "Manual",
   "DEFAULT_Home_Basic": "Manual",
   "DEFAULT_Home_Premium": "Manual",
   "DEFAULT_Professional": "Manual",
   "DEFAULT_Ultimate": "Manual",
   "DEFAULT_Enterprise": "Manual",
   "Safe": "Manual",
   "Tweaked": "Manual",
   "Bare_bones": "Disabled *"
 },
 {
   "Display_Name": "Bluetooth Support Service",
   "Service_Name": "bthserv",
   "DEFAULT_Starter": "Manual",
   "DEFAULT_Home_Basic": "Manual",
   "DEFAULT_Home_Premium": "Manual",
   "DEFAULT_Professional": "Manual",
   "DEFAULT_Ultimate": "Manual",
   "DEFAULT_Enterprise": "Manual",
   "Safe": "Disabled *",
   "Tweaked": "Disabled *",
   "Bare_bones": "Disabled *"
 },
 {
   "Display_Name": "BranchCache",
   "Service_Name": "PeerDistSvc",
   "DEFAULT_Starter": "Not Available",
   "DEFAULT_Home_Basic": "Not Available",
   "DEFAULT_Home_Premium": "Not Available",
   "DEFAULT_Professional": "Manual",
   "DEFAULT_Ultimate": "Manual",
   "DEFAULT_Enterprise": "Manual",
   "Safe": "Disabled *",
   "Tweaked": "Disabled *",
   "Bare_bones": "Disabled *"
 },
 {
   "Display_Name": "Certificate Propagation",
   "Service_Name": "CertPropSvc",
   "DEFAULT_Starter": "Manual",
   "DEFAULT_Home_Basic": "Manual",
   "DEFAULT_Home_Premium": "Manual",
   "DEFAULT_Professional": "Manual",
   "DEFAULT_Ultimate": "Manual",
   "DEFAULT_Enterprise": "Manual",
   "Safe": "Disabled *",
   "Tweaked": "Disabled *",
   "Bare_bones": "Disabled *"
 },
 {
   "Display_Name": "Client for NFS **",
   "Service_Name": "NfsClnt",
   "DEFAULT_Starter": "Not Available",
   "DEFAULT_Home_Basic": "Not Available",
   "DEFAULT_Home_Premium": "Not Available",
   "DEFAULT_Professional": "Not Available",
   "DEFAULT_Ultimate": "Not Installed (Automatic, Started)",
   "DEFAULT_Enterprise": "Not Installed (Automatic, Started)",
   "Safe": "Not Installed",
   "Tweaked": "Not Installed",
   "Bare_bones": "Not Installed"
 },
 {
   "Display_Name": "CNG Key Isolation",
   "Service_Name": "KeyIso",
   "DEFAULT_Starter": "Manual ****",
   "DEFAULT_Home_Basic": "Manual ****",
   "DEFAULT_Home_Premium": "Manual ****",
   "DEFAULT_Professional": "Manual ****",
   "DEFAULT_Ultimate": "Manual ****",
   "DEFAULT_Enterprise": "Manual ****",
   "Safe": "Manual",
   "Tweaked": "Manual",
   "Bare_bones": "Disabled *"
 },
 {
   "Display_Name": "COM+ Event System",
   "Service_Name": "EventSystem",
   "DEFAULT_Starter": "Automatic (Started)",
   "DEFAULT_Home_Basic": "Automatic (Started)",
   "DEFAULT_Home_Premium": "Automatic (Started)",
   "DEFAULT_Professional": "Automatic (Started)",
   "DEFAULT_Ultimate": "Automatic (Started)",
   "DEFAULT_Enterprise": "Automatic (Started)",
   "Safe": "Automatic",
   "Tweaked": "Automatic",
   "Bare_bones": "Automatic"
 },
 {
   "Display_Name": "COM+ System Application",
   "Service_Name": "COMSysApp",
   "DEFAULT_Starter": "Manual",
   "DEFAULT_Home_Basic": "Manual",
   "DEFAULT_Home_Premium": "Manual",
   "DEFAULT_Professional": "Manual",
   "DEFAULT_Ultimate": "Manual",
   "DEFAULT_Enterprise": "Manual",
   "Safe": "Manual",
   "Tweaked": "Manual",
   "Bare_bones": "Manual"
 },
 {
   "Display_Name": "Computer Browser",
   "Service_Name": "Browser",
   "DEFAULT_Starter": "Manual ****",
   "DEFAULT_Home_Basic": "Manual ****",
   "DEFAULT_Home_Premium": "Manual ****",
   "DEFAULT_Professional": "Manual ****",
   "DEFAULT_Ultimate": "Manual ****",
   "DEFAULT_Enterprise": "Manual ****",
   "Safe": "Manual",
   "Tweaked": "Manual",
   "Bare_bones": "Manual"
 },
 {
   "Display_Name": "Credential Manager",
   "Service_Name": "VaultSvc",
   "DEFAULT_Starter": "Manual",
   "DEFAULT_Home_Basic": "Manual",
   "DEFAULT_Home_Premium": "Manual",
   "DEFAULT_Professional": "Manual",
   "DEFAULT_Ultimate": "Manual",
   "DEFAULT_Enterprise": "Manual",
   "Safe": "Manual",
   "Tweaked": "Disabled *",
   "Bare_bones": "Disabled *"
 },
 {
   "Display_Name": "Cryptographic Services",
   "Service_Name": "CryptSvc",
   "DEFAULT_Starter": "Automatic (Started)",
   "DEFAULT_Home_Basic": "Automatic (Started)",
   "DEFAULT_Home_Premium": "Automatic (Started)",
   "DEFAULT_Professional": "Automatic (Started)",
   "DEFAULT_Ultimate": "Automatic (Started)",
   "DEFAULT_Enterprise": "Automatic (Started)",
   "Safe": "Automatic",
   "Tweaked": "Automatic",
   "Bare_bones": "Automatic"
 },
 {
   "Display_Name": "DCOM Server Process Launcher",
   "Service_Name": "DcomLaunch",
   "DEFAULT_Starter": "Automatic (Started)",
   "DEFAULT_Home_Basic": "Automatic (Started)",
   "DEFAULT_Home_Premium": "Automatic (Started)",
   "DEFAULT_Professional": "Automatic (Started)",
   "DEFAULT_Ultimate": "Automatic (Started)",
   "DEFAULT_Enterprise": "Automatic (Started)",
   "Safe": "Automatic",
   "Tweaked": "Automatic",
   "Bare_bones": "Automatic"
 },
 {
   "Display_Name": "Desktop Window Manager Session Manager",
   "Service_Name": "UxSms",
   "DEFAULT_Starter": "Automatic (Started)",
   "DEFAULT_Home_Basic": "Automatic (Started)",
   "DEFAULT_Home_Premium": "Automatic (Started)",
   "DEFAULT_Professional": "Automatic (Started)",
   "DEFAULT_Ultimate": "Automatic (Started)",
   "DEFAULT_Enterprise": "Automatic (Started)",
   "Safe": "Automatic",
   "Tweaked": "Automatic",
   "Bare_bones": "Disabled *"
 },
 {
   "Display_Name": "DHCP Client",
   "Service_Name": "Dhcp",
   "DEFAULT_Starter": "Automatic (Started)",
   "DEFAULT_Home_Basic": "Automatic (Started)",
   "DEFAULT_Home_Premium": "Automatic (Started)",
   "DEFAULT_Professional": "Automatic (Started)",
   "DEFAULT_Ultimate": "Automatic (Started)",
   "DEFAULT_Enterprise": "Automatic (Started)",
   "Safe": "Automatic",
   "Tweaked": "Automatic",
   "Bare_bones": "Automatic"
 },
 {
   "Display_Name": "Diagnostic Policy Service",
   "Service_Name": "DPS",
   "DEFAULT_Starter": "Automatic (Started)",
   "DEFAULT_Home_Basic": "Automatic (Started)",
   "DEFAULT_Home_Premium": "Automatic (Started)",
   "DEFAULT_Professional": "Automatic (Started)",
   "DEFAULT_Ultimate": "Automatic (Started)",
   "DEFAULT_Enterprise": "Automatic (Started)",
   "Safe": "Automatic",
   "Tweaked": "Disabled *",
   "Bare_bones": "Disabled *"
 },
 {
   "Display_Name": "Diagnostic Service Host",
   "Service_Name": "WdiServiceHost",
   "DEFAULT_Starter": "Manual (Started)",
   "DEFAULT_Home_Basic": "Manual (Started)",
   "DEFAULT_Home_Premium": "Manual (Started)",
   "DEFAULT_Professional": "Manual (Started)",
   "DEFAULT_Ultimate": "Manual (Started)",
   "DEFAULT_Enterprise": "Manual (Started)",
   "Safe": "Manual",
   "Tweaked": "Disabled *",
   "Bare_bones": "Disabled *"
 },
 {
   "Display_Name": "Diagnostic System Host",
   "Service_Name": "WdiSystemHost",
   "DEFAULT_Starter": "Manual ****",
   "DEFAULT_Home_Basic": "Manual ****",
   "DEFAULT_Home_Premium": "Manual ****",
   "DEFAULT_Professional": "Manual ****",
   "DEFAULT_Ultimate": "Manual ****",
   "DEFAULT_Enterprise": "Manual ****",
   "Safe": "Manual",
   "Tweaked": "Disabled *",
   "Bare_bones": "Disabled *"
 },
 {
   "Display_Name": "Disk Defragmenter",
   "Service_Name": "defragsvc",
   "DEFAULT_Starter": "Manual",
   "DEFAULT_Home_Basic": "Manual",
   "DEFAULT_Home_Premium": "Manual",
   "DEFAULT_Professional": "Manual",
   "DEFAULT_Ultimate": "Manual",
   "DEFAULT_Enterprise": "Manual",
   "Safe": "Manual",
   "Tweaked": "Manual",
   "Bare_bones": "Manual"
 },
 {
   "Display_Name": "Distributed Link Tracking Client",
   "Service_Name": "TrkWks",
   "DEFAULT_Starter": "Automatic (Started)",
   "DEFAULT_Home_Basic": "Automatic (Started)",
   "DEFAULT_Home_Premium": "Automatic (Started)",
   "DEFAULT_Professional": "Automatic (Started)",
   "DEFAULT_Ultimate": "Automatic (Started)",
   "DEFAULT_Enterprise": "Automatic (Started)",
   "Safe": "Disabled *",
   "Tweaked": "Disabled *",
   "Bare_bones": "Disabled *"
 },
 {
   "Display_Name": "Distributed Transaction Coordinator",
   "Service_Name": "MSDTC",
   "DEFAULT_Starter": "Manual ****",
   "DEFAULT_Home_Basic": "Manual ****",
   "DEFAULT_Home_Premium": "Manual ****",
   "DEFAULT_Professional": "Manual ****",
   "DEFAULT_Ultimate": "Manual ****",
   "DEFAULT_Enterprise": "Manual ****",
   "Safe": "Manual",
   "Tweaked": "Manual",
   "Bare_bones": "Manual"
 },
 {
   "Display_Name": "DNS Client",
   "Service_Name": "Dnscache",
   "DEFAULT_Starter": "Automatic (Started)",
   "DEFAULT_Home_Basic": "Automatic (Started)",
   "DEFAULT_Home_Premium": "Automatic (Started)",
   "DEFAULT_Professional": "Automatic (Started)",
   "DEFAULT_Ultimate": "Automatic (Started)",
   "DEFAULT_Enterprise": "Automatic (Started)",
   "Safe": "Automatic",
   "Tweaked": "Automatic",
   "Bare_bones": "Disabled *"
 },
 {
   "Display_Name": "Encrypting File System (EFS)",
   "Service_Name": "EFS",
   "DEFAULT_Starter": "Manual",
   "DEFAULT_Home_Basic": "Manual",
   "DEFAULT_Home_Premium": "Manual",
   "DEFAULT_Professional": "Manual",
   "DEFAULT_Ultimate": "Manual",
   "DEFAULT_Enterprise": "Manual",
   "Safe": "Manual",
   "Tweaked": "Disabled *",
   "Bare_bones": "Disabled *"
 },
 {
   "Display_Name": "Extensible Authentication Protocol",
   "Service_Name": "EapHost",
   "DEFAULT_Starter": "Manual",
   "DEFAULT_Home_Basic": "Manual",
   "DEFAULT_Home_Premium": "Manual",
   "DEFAULT_Professional": "Manual",
   "DEFAULT_Ultimate": "Manual",
   "DEFAULT_Enterprise": "Manual",
   "Safe": "Manual",
   "Tweaked": "Manual",
   "Bare_bones": "Disabled *"
 },
 {
   "Display_Name": "Fax **",
   "Service_Name": "Fax",
   "DEFAULT_Starter": "Manual",
   "DEFAULT_Home_Basic": "Manual",
   "DEFAULT_Home_Premium": "Manual",
   "DEFAULT_Professional": "Manual",
   "DEFAULT_Ultimate": "Manual",
   "DEFAULT_Enterprise": "Manual",
   "Safe": "Manual",
   "Tweaked": "Disabled *",
   "Bare_bones": "Uninstalled *"
 },
 {
   "Display_Name": "Function Discovery Provider Host",
   "Service_Name": "fdPHost",
   "DEFAULT_Starter": "Manual (Started)",
   "DEFAULT_Home_Basic": "Manual (Started)",
   "DEFAULT_Home_Premium": "Manual (Started)",
   "DEFAULT_Professional": "Manual (Started)",
   "DEFAULT_Ultimate": "Manual (Started)",
   "DEFAULT_Enterprise": "Manual (Started)",
   "Safe": "Manual",
   "Tweaked": "Disabled *",
   "Bare_bones": "Disabled *"
 },
 {
   "Display_Name": "Function Discovery Resource Publication",
   "Service_Name": "FDResPub",
   "DEFAULT_Starter": "Automatic (Started)",
   "DEFAULT_Home_Basic": "Automatic (Started)",
   "DEFAULT_Home_Premium": "Automatic (Started)",
   "DEFAULT_Professional": "Automatic (Started)",
   "DEFAULT_Ultimate": "Automatic (Started)",
   "DEFAULT_Enterprise": "Automatic (Started)",
   "Safe": "Automatic",
   "Tweaked": "Disabled *",
   "Bare_bones": "Disabled *"
 },
 {
   "Display_Name": "Group Policy Client",
   "Service_Name": "gpsvc",
   "DEFAULT_Starter": "Automatic (Started)",
   "DEFAULT_Home_Basic": "Automatic (Started)",
   "DEFAULT_Home_Premium": "Automatic (Started)",
   "DEFAULT_Professional": "Automatic (Started)",
   "DEFAULT_Ultimate": "Automatic (Started)",
   "DEFAULT_Enterprise": "Automatic (Started)",
   "Safe": "Automatic",
   "Tweaked": "Automatic",
   "Bare_bones": "Automatic"
 },
 {
   "Display_Name": "Health Key and Certificate Management",
   "Service_Name": "hkmsvc",
   "DEFAULT_Starter": "Manual",
   "DEFAULT_Home_Basic": "Manual",
   "DEFAULT_Home_Premium": "Manual",
   "DEFAULT_Professional": "Manual",
   "DEFAULT_Ultimate": "Manual",
   "DEFAULT_Enterprise": "Manual",
   "Safe": "Manual",
   "Tweaked": "Disabled *",
   "Bare_bones": "Disabled *"
 },
 {
   "Display_Name": "HomeGroup Listener",
   "Service_Name": "HomeGroupListener",
   "DEFAULT_Starter": "Manual ****",
   "DEFAULT_Home_Basic": "Manual ****",
   "DEFAULT_Home_Premium": "Manual ****",
   "DEFAULT_Professional": "Manual ****",
   "DEFAULT_Ultimate": "Manual ****",
   "DEFAULT_Enterprise": "Manual ****",
   "Safe": "Manual",
   "Tweaked": "Manual",
   "Bare_bones": "Disabled *"
 },
 {
   "Display_Name": "HomeGroup Provider",
   "Service_Name": "HomeGroupProvider",
   "DEFAULT_Starter": "Manual (Started)",
   "DEFAULT_Home_Basic": "Manual (Started)",
   "DEFAULT_Home_Premium": "Manual (Started)",
   "DEFAULT_Professional": "Manual (Started)",
   "DEFAULT_Ultimate": "Manual (Started)",
   "DEFAULT_Enterprise": "Manual (Started)",
   "Safe": "Manual",
   "Tweaked": "Manual",
   "Bare_bones": "Disabled *"
 },
 {
   "Display_Name": "Human Interface Device Access",
   "Service_Name": "hidserv",
   "DEFAULT_Starter": "Manual",
   "DEFAULT_Home_Basic": "Manual",
   "DEFAULT_Home_Premium": "Manual",
   "DEFAULT_Professional": "Manual",
   "DEFAULT_Ultimate": "Manual",
   "DEFAULT_Enterprise": "Manual",
   "Safe": "Manual",
   "Tweaked": "Disabled *",
   "Bare_bones": "Disabled *"
 },
 {
   "Display_Name": "IIS Admin Service **",
   "Service_Name": "IISADMIN",
   "DEFAULT_Starter": "Not Installed (Automatic, Started)",
   "DEFAULT_Home_Basic": "Not Installed (Automatic, Started)",
   "DEFAULT_Home_Premium": "Not Installed (Automatic, Started)",
   "DEFAULT_Professional": "Not Installed (Automatic, Started)",
   "DEFAULT_Ultimate": "Not Installed (Automatic)",
   "DEFAULT_Enterprise": "Not Installed (Automatic, Started)",
   "Safe": "Not Installed",
   "Tweaked": "Not Installed",
   "Bare_bones": "Not Installed"
 },
 {
   "Display_Name": "IKE and AuthIP IPsec Keying Modules",
   "Service_Name": "IKEEXT",
   "DEFAULT_Starter": "Manual",
   "DEFAULT_Home_Basic": "Manual",
   "DEFAULT_Home_Premium": "Manual",
   "DEFAULT_Professional": "Manual",
   "DEFAULT_Ultimate": "Manual",
   "DEFAULT_Enterprise": "Manual",
   "Safe": "Manual",
   "Tweaked": "Manual",
   "Bare_bones": "Disabled *"
 },
 {
   "Display_Name": "Indexing Service **",
   "Service_Name": "CISVC",
   "DEFAULT_Starter": "Not Installed (Automatic, Started)",
   "DEFAULT_Home_Basic": "Not Installed (Automatic, Started)",
   "DEFAULT_Home_Premium": "Not Installed (Automatic, Started)",
   "DEFAULT_Professional": "Not Installed (Automatic, Started)",
   "DEFAULT_Ultimate": "Not Installed (Automatic, Started)",
   "DEFAULT_Enterprise": "Not Installed (Started, Automatic)",
   "Safe": "Not Installed",
   "Tweaked": "Not Installed",
   "Bare_bones": "Not Installed"
 },
 {
   "Display_Name": "Interactive Services Detection",
   "Service_Name": "UI0Detect",
   "DEFAULT_Starter": "Manual",
   "DEFAULT_Home_Basic": "Manual",
   "DEFAULT_Home_Premium": "Manual",
   "DEFAULT_Professional": "Manual",
   "DEFAULT_Ultimate": "Manual",
   "DEFAULT_Enterprise": "Manual",
   "Safe": "Manual",
   "Tweaked": "Disabled *",
   "Bare_bones": "Disabled *"
 },
 {
   "Display_Name": "Internet Connection Sharing (ICS)",
   "Service_Name": "SharedAccess",
   "DEFAULT_Starter": "Disabled",
   "DEFAULT_Home_Basic": "Disabled",
   "DEFAULT_Home_Premium": "Disabled",
   "DEFAULT_Professional": "Disabled",
   "DEFAULT_Ultimate": "Disabled",
   "DEFAULT_Enterprise": "Disabled",
   "Safe": "Disabled",
   "Tweaked": "Disabled",
   "Bare_bones": "Disabled"
 },
 {
   "Display_Name": "IP Helper",
   "Service_Name": "iphlpsvc",
   "DEFAULT_Starter": "Automatic (Started)",
   "DEFAULT_Home_Basic": "Automatic (Started)",
   "DEFAULT_Home_Premium": "Automatic (Started)",
   "DEFAULT_Professional": "Automatic (Started)",
   "DEFAULT_Ultimate": "Automatic (Started)",
   "DEFAULT_Enterprise": "Automatic (Started)",
   "Safe": "Disabled *",
   "Tweaked": "Disabled *",
   "Bare_bones": "Disabled *"
 },
 {
   "Display_Name": "IPsec Policy Agent",
   "Service_Name": "PolicyAgent",
   "DEFAULT_Starter": "Manual",
   "DEFAULT_Home_Basic": "Manual",
   "DEFAULT_Home_Premium": "Manual",
   "DEFAULT_Professional": "Manual",
   "DEFAULT_Ultimate": "Manual",
   "DEFAULT_Enterprise": "Manual",
   "Safe": "Manual",
   "Tweaked": "Manual",
   "Bare_bones": "Disabled *"
 },
 {
   "Display_Name": "KtmRm for Distributed Transaction Coordinator",
   "Service_Name": "KtmRm",
   "DEFAULT_Starter": "Manual",
   "DEFAULT_Home_Basic": "Manual",
   "DEFAULT_Home_Premium": "Manual",
   "DEFAULT_Professional": "Manual",
   "DEFAULT_Ultimate": "Manual",
   "DEFAULT_Enterprise": "Manual",
   "Safe": "Manual",
   "Tweaked": "Manual",
   "Bare_bones": "Manual"
 },
 {
   "Display_Name": "Link-Layer Topology Discovery Mapper",
   "Service_Name": "lltdsvc",
   "DEFAULT_Starter": "Manual",
   "DEFAULT_Home_Basic": "Manual",
   "DEFAULT_Home_Premium": "Manual",
   "DEFAULT_Professional": "Manual",
   "DEFAULT_Ultimate": "Manual",
   "DEFAULT_Enterprise": "Manual",
   "Safe": "Manual",
   "Tweaked": "Disabled *",
   "Bare_bones": "Disabled *"
 },
 {
   "Display_Name": "LPD Service **",
   "Service_Name": "LPDSVC",
   "DEFAULT_Starter": "Not Available",
   "DEFAULT_Home_Basic": "Not Installed (Automatic, Started)",
   "DEFAULT_Home_Premium": "Not Installed (Automatic, Started)",
   "DEFAULT_Professional": "Not Installed (Automatic, Started)",
   "DEFAULT_Ultimate": "Not Installed (Automatic, Started)",
   "DEFAULT_Enterprise": "Not Installed (Automatic, Started)",
   "Safe": "Not Installed",
   "Tweaked": "Not Installed",
   "Bare_bones": "Not Installed"
 },
 {
   "Display_Name": "Media Center Extender Service **",
   "Service_Name": "Mcx2Svc",
   "DEFAULT_Starter": "Not Available",
   "DEFAULT_Home_Basic": "Not Available",
   "DEFAULT_Home_Premium": "Disabled",
   "DEFAULT_Professional": "Disabled",
   "DEFAULT_Ultimate": "Disabled",
   "DEFAULT_Enterprise": "Disabled",
   "Safe": "Disabled",
   "Tweaked": "Disabled",
   "Bare_bones": "Uninstalled *"
 },
 {
   "Display_Name": "Message Queuing **",
   "Service_Name": "MSMQ",
   "DEFAULT_Starter": "Not Installed (Automatic, Started)",
   "DEFAULT_Home_Basic": "Not Installed (Automatic, Started)",
   "DEFAULT_Home_Premium": "Not Installed (Automatic, Started)",
   "DEFAULT_Professional": "Not Installed (Automatic, Started)",
   "DEFAULT_Ultimate": "Not Installed (Automatic, Started)",
   "DEFAULT_Enterprise": "Not Installed (Automatic, Started)",
   "Safe": "Not Installed",
   "Tweaked": "Not Installed",
   "Bare_bones": "Not Installed"
 },
 {
   "Display_Name": "Message Queuing Triggers **",
   "Service_Name": "MSMQTriggers",
   "DEFAULT_Starter": "Not Installed (Automatic, Started)",
   "DEFAULT_Home_Basic": "Not Installed (Automatic, Started)",
   "DEFAULT_Home_Premium": "Not Installed (Automatic, Started)",
   "DEFAULT_Professional": "Not Installed (Automatic, Started)",
   "DEFAULT_Ultimate": "Not Installed (Automatic, Started)",
   "DEFAULT_Enterprise": "Not Installed (Automatic, Started)",
   "Safe": "Not Installed",
   "Tweaked": "Not Installed",
   "Bare_bones": "Not Installed"
 },
 {
   "Display_Name": "Microsoft .NET Framework NGEN v2.0.50727",
   "Service_Name": "clr_optimization_v2.0.50727",
   "DEFAULT_Starter": "Manual",
   "DEFAULT_Home_Basic": "Manual",
   "DEFAULT_Home_Premium": "Manual",
   "DEFAULT_Professional": "Automatic (Delayed Start, Started",
   "DEFAULT_Ultimate": "Manual",
   "DEFAULT_Enterprise": "Automatic (Delayed Start, Started",
   "Safe": "Manual",
   "Tweaked": "Manual",
   "Bare_bones": "Manual"
 },
 {
   "Display_Name": "Microsoft FTP Service **",
   "Service_Name": "ftpsvc",
   "DEFAULT_Starter": "Not Available",
   "DEFAULT_Home_Basic": "Not Available",
   "DEFAULT_Home_Premium": "Not Installed (Automatic, Started)",
   "DEFAULT_Professional": "Not Installed (Automatic, Started)",
   "DEFAULT_Ultimate": "Not Installed (Automatic, Started)",
   "DEFAULT_Enterprise": "Not Installed (Automatic, Started)",
   "Safe": "Not Installed",
   "Tweaked": "Not Installed",
   "Bare_bones": "Not Installed"
 },
 {
   "Display_Name": "Microsoft iSCSI Initiator Service",
   "Service_Name": "MSiSCSI",
   "DEFAULT_Starter": "Manual",
   "DEFAULT_Home_Basic": "Manual",
   "DEFAULT_Home_Premium": "Manual",
   "DEFAULT_Professional": "Manual",
   "DEFAULT_Ultimate": "Manual",
   "DEFAULT_Enterprise": "Manual",
   "Safe": "Disabled *",
   "Tweaked": "Disabled *",
   "Bare_bones": "Disabled *"
 },
 {
   "Display_Name": "Microsoft Software Shadow Copy Provider",
   "Service_Name": "swprv",
   "DEFAULT_Starter": "Manual",
   "DEFAULT_Home_Basic": "Manual",
   "DEFAULT_Home_Premium": "Manual",
   "DEFAULT_Professional": "Manual",
   "DEFAULT_Ultimate": "Manual",
   "DEFAULT_Enterprise": "Manual",
   "Safe": "Manual",
   "Tweaked": "Manual",
   "Bare_bones": "Manual"
 },
 {
   "Display_Name": "Multimedia Class Scheduler",
   "Service_Name": "MMCSS",
   "DEFAULT_Starter": "Automatic (Started)",
   "DEFAULT_Home_Basic": "Automatic (Started)",
   "DEFAULT_Home_Premium": "Automatic (Started)",
   "DEFAULT_Professional": "Automatic (Started)",
   "DEFAULT_Ultimate": "Automatic (Started)",
   "DEFAULT_Enterprise": "Automatic (Started)",
   "Safe": "Automatic",
   "Tweaked": "Automatic",
   "Bare_bones": "Automatic"
 },
 {
   "Display_Name": "Net.Msmq Listener Adapter **",
   "Service_Name": "NetMsmqActivator",
   "DEFAULT_Starter": "Not Installed (Automatic, Started)",
   "DEFAULT_Home_Basic": "Not Installed (Automatic, Started)",
   "DEFAULT_Home_Premium": "Not Installed (Automatic, Started)",
   "DEFAULT_Professional": "Not Installed (Automatic, Started)",
   "DEFAULT_Ultimate": "Not Installed (Automatic, Started)",
   "DEFAULT_Enterprise": "Not Installed (Automatic, Started)",
   "Safe": "Not Installed",
   "Tweaked": "Not Installed",
   "Bare_bones": "Not Installed"
 },
 {
   "Display_Name": "Net.Pipe Listener Adapter **",
   "Service_Name": "NetPipeActivator",
   "DEFAULT_Starter": "Not Installed (Automatic, Started)",
   "DEFAULT_Home_Basic": "Not Installed (Automatic, Started)",
   "DEFAULT_Home_Premium": "Not Installed (Automatic, Started)",
   "DEFAULT_Professional": "Not Installed (Automatic, Started)",
   "DEFAULT_Ultimate": "Not Installed (Automatic, Started)",
   "DEFAULT_Enterprise": "Not Installed (Automatic, Started)",
   "Safe": "Not Installed",
   "Tweaked": "Not Installed",
   "Bare_bones": "Not Installed"
 },
 {
   "Display_Name": "Net.Tcp Listener Adapter **",
   "Service_Name": "NetTcpActivator",
   "DEFAULT_Starter": "Not Installed (Automatic, Started)",
   "DEFAULT_Home_Basic": "Not Installed (Automatic, Started)",
   "DEFAULT_Home_Premium": "Not Installed (Automatic, Started)",
   "DEFAULT_Professional": "Not Installed (Automatic, Started)",
   "DEFAULT_Ultimate": "Not Installed (Automatic, Started)",
   "DEFAULT_Enterprise": "Not Installed (Automatic, Started)",
   "Safe": "Not Installed",
   "Tweaked": "Not Installed",
   "Bare_bones": "Not Installed"
 },
 {
   "Display_Name": "Net.Tcp Port Sharing Service **",
   "Service_Name": "NetTcpPortSharing",
   "DEFAULT_Starter": "Disabled",
   "DEFAULT_Home_Basic": "Disabled",
   "DEFAULT_Home_Premium": "Disabled",
   "DEFAULT_Professional": "Disabled",
   "DEFAULT_Ultimate": "Disabled",
   "DEFAULT_Enterprise": "Disabled",
   "Safe": "Disabled",
   "Tweaked": "Disabled",
   "Bare_bones": "Uninstalled *"
 },
 {
   "Display_Name": "Netlogon",
   "Service_Name": "Netlogon",
   "DEFAULT_Starter": "Manual",
   "DEFAULT_Home_Basic": "Manual",
   "DEFAULT_Home_Premium": "Manual",
   "DEFAULT_Professional": "Manual",
   "DEFAULT_Ultimate": "Manual",
   "DEFAULT_Enterprise": "Manual",
   "Safe": "Disabled *",
   "Tweaked": "Disabled *",
   "Bare_bones": "Disabled *"
 },
 {
   "Display_Name": "Network Access Protection Agent",
   "Service_Name": "napagent",
   "DEFAULT_Starter": "Manual",
   "DEFAULT_Home_Basic": "Manual",
   "DEFAULT_Home_Premium": "Manual",
   "DEFAULT_Professional": "Manual",
   "DEFAULT_Ultimate": "Manual",
   "DEFAULT_Enterprise": "Manual",
   "Safe": "Disabled *",
   "Tweaked": "Disabled *",
   "Bare_bones": "Disabled *"
 },
 {
   "Display_Name": "Network Connections",
   "Service_Name": "Netman",
   "DEFAULT_Starter": "Manual (Started)",
   "DEFAULT_Home_Basic": "Manual (Started)",
   "DEFAULT_Home_Premium": "Manual (Started)",
   "DEFAULT_Professional": "Manual (Started)",
   "DEFAULT_Ultimate": "Manual (Started)",
   "DEFAULT_Enterprise": "Manual (Started)",
   "Safe": "Manual",
   "Tweaked": "Manual",
   "Bare_bones": "Manual"
 },
 {
   "Display_Name": "Network List Service",
   "Service_Name": "netprofm",
   "DEFAULT_Starter": "Manual (Started)",
   "DEFAULT_Home_Basic": "Manual (Started)",
   "DEFAULT_Home_Premium": "Manual (Started)",
   "DEFAULT_Professional": "Manual (Started)",
   "DEFAULT_Ultimate": "Manual (Started)",
   "DEFAULT_Enterprise": "Manual (Started)",
   "Safe": "Manual",
   "Tweaked": "Manual",
   "Bare_bones": "Manual"
 },
 {
   "Display_Name": "Network Location Awareness",
   "Service_Name": "NlaSvc",
   "DEFAULT_Starter": "Automatic (Started)",
   "DEFAULT_Home_Basic": "Automatic (Started)",
   "DEFAULT_Home_Premium": "Automatic (Started)",
   "DEFAULT_Professional": "Automatic (Started)",
   "DEFAULT_Ultimate": "Automatic (Started)",
   "DEFAULT_Enterprise": "Automatic (Started)",
   "Safe": "Automatic",
   "Tweaked": "Automatic",
   "Bare_bones": "Automatic"
 },
 {
   "Display_Name": "Network Store Interface Service",
   "Service_Name": "nsi",
   "DEFAULT_Starter": "Automatic (Started)",
   "DEFAULT_Home_Basic": "Automatic (Started)",
   "DEFAULT_Home_Premium": "Automatic (Started)",
   "DEFAULT_Professional": "Automatic (Started)",
   "DEFAULT_Ultimate": "Automatic (Started)",
   "DEFAULT_Enterprise": "Automatic (Started)",
   "Safe": "Automatic",
   "Tweaked": "Automatic",
   "Bare_bones": "Automatic"
 },
 {
   "Display_Name": "Offline Files",
   "Service_Name": "CscService",
   "DEFAULT_Starter": "Not Available",
   "DEFAULT_Home_Basic": "Not Available",
   "DEFAULT_Home_Premium": "Not Available",
   "DEFAULT_Professional": "Automatic (Started)",
   "DEFAULT_Ultimate": "Automatic (Started)",
   "DEFAULT_Enterprise": "Automatic (Started)",
   "Safe": "Disabled *",
   "Tweaked": "Disabled *",
   "Bare_bones": "Disabled *"
 },
 {
   "Display_Name": "Parental Controls",
   "Service_Name": "WPCSvc",
   "DEFAULT_Starter": "Manual",
   "DEFAULT_Home_Basic": "Manual",
   "DEFAULT_Home_Premium": "Manual",
   "DEFAULT_Professional": "Manual",
   "DEFAULT_Ultimate": "Manual",
   "DEFAULT_Enterprise": "Manual",
   "Safe": "Disabled *",
   "Tweaked": "Disabled *",
   "Bare_bones": "Disabled *"
 },
 {
   "Display_Name": "Peer Name Resolution Protocol",
   "Service_Name": "PNRPsvc",
   "DEFAULT_Starter": "Manual ****",
   "DEFAULT_Home_Basic": "Manual ****",
   "DEFAULT_Home_Premium": "Manual ****",
   "DEFAULT_Professional": "Manual ****",
   "DEFAULT_Ultimate": "Manual ****",
   "DEFAULT_Enterprise": "Manual ****",
   "Safe": "Manual",
   "Tweaked": "Disabled *",
   "Bare_bones": "Disabled *"
 },
 {
   "Display_Name": "Peer Networking Grouping",
   "Service_Name": "p2psvc",
   "DEFAULT_Starter": "Manual ****",
   "DEFAULT_Home_Basic": "Manual ****",
   "DEFAULT_Home_Premium": "Manual ****",
   "DEFAULT_Professional": "Manual ****",
   "DEFAULT_Ultimate": "Manual ****",
   "DEFAULT_Enterprise": "Manual ****",
   "Safe": "Manual",
   "Tweaked": "Disabled *",
   "Bare_bones": "Disabled *"
 },
 {
   "Display_Name": "Peer Networking Identity Manager",
   "Service_Name": "p2pimsvc",
   "DEFAULT_Starter": "Manual ****",
   "DEFAULT_Home_Basic": "Manual ****",
   "DEFAULT_Home_Premium": "Manual ****",
   "DEFAULT_Professional": "Manual ****",
   "DEFAULT_Ultimate": "Manual ****",
   "DEFAULT_Enterprise": "Manual ****",
   "Safe": "Manual",
   "Tweaked": "Disabled *",
   "Bare_bones": "Disabled *"
 },
 {
   "Display_Name": "Performance Logs & Alerts",
   "Service_Name": "pla",
   "DEFAULT_Starter": "Manual",
   "DEFAULT_Home_Basic": "Manual",
   "DEFAULT_Home_Premium": "Manual",
   "DEFAULT_Professional": "Manual",
   "DEFAULT_Ultimate": "Manual",
   "DEFAULT_Enterprise": "Manual",
   "Safe": "Manual",
   "Tweaked": "Manual",
   "Bare_bones": "Manual"
 },
 {
   "Display_Name": "Plug and Play",
   "Service_Name": "PlugPlay",
   "DEFAULT_Starter": "Automatic (Started)",
   "DEFAULT_Home_Basic": "Automatic (Started)",
   "DEFAULT_Home_Premium": "Automatic (Started)",
   "DEFAULT_Professional": "Automatic (Started)",
   "DEFAULT_Ultimate": "Automatic (Started)",
   "DEFAULT_Enterprise": "Automatic (Started)",
   "Safe": "Automatic",
   "Tweaked": "Automatic",
   "Bare_bones": "Automatic"
 },
 {
   "Display_Name": "PnP-X IP Bus Enumerator",
   "Service_Name": "IPBusEnum",
   "DEFAULT_Starter": "Manual",
   "DEFAULT_Home_Basic": "Manual",
   "DEFAULT_Home_Premium": "Manual",
   "DEFAULT_Professional": "Manual",
   "DEFAULT_Ultimate": "Manual",
   "DEFAULT_Enterprise": "Manual",
   "Safe": "Manual",
   "Tweaked": "Disabled *",
   "Bare_bones": "Disabled *"
 },
 {
   "Display_Name": "PNRP Machine Name Publication Service",
   "Service_Name": "PNRPAutoReg",
   "DEFAULT_Starter": "Manual",
   "DEFAULT_Home_Basic": "Manual",
   "DEFAULT_Home_Premium": "Manual",
   "DEFAULT_Professional": "Manual",
   "DEFAULT_Ultimate": "Manual",
   "DEFAULT_Enterprise": "Manual",
   "Safe": "Manual",
   "Tweaked": "Disabled *",
   "Bare_bones": "Disabled *"
 },
 {
   "Display_Name": "Portable Device Enumerator Service",
   "Service_Name": "WPDBusEnum",
   "DEFAULT_Starter": "Manual ****",
   "DEFAULT_Home_Basic": "Manual ****",
   "DEFAULT_Home_Premium": "Manual ****",
   "DEFAULT_Professional": "Manual ****",
   "DEFAULT_Ultimate": "Manual ****",
   "DEFAULT_Enterprise": "Manual ****",
   "Safe": "Manual",
   "Tweaked": "Disabled *",
   "Bare_bones": "Disabled *"
 },
 {
   "Display_Name": "Power",
   "Service_Name": "Power",
   "DEFAULT_Starter": "Automatic (Started)",
   "DEFAULT_Home_Basic": "Automatic (Started)",
   "DEFAULT_Home_Premium": "Automatic (Started)",
   "DEFAULT_Professional": "Automatic (Started)",
   "DEFAULT_Ultimate": "Automatic (Started)",
   "DEFAULT_Enterprise": "Automatic (Started)",
   "Safe": "Automatic",
   "Tweaked": "Automatic",
   "Bare_bones": "Automatic"
 },
 {
   "Display_Name": "Print Spooler",
   "Service_Name": "Spooler",
   "DEFAULT_Starter": "Automatic (Started)",
   "DEFAULT_Home_Basic": "Automatic (Started)",
   "DEFAULT_Home_Premium": "Automatic (Started)",
   "DEFAULT_Professional": "Automatic (Started)",
   "DEFAULT_Ultimate": "Automatic (Started)",
   "DEFAULT_Enterprise": "Automatic (Started)",
   "Safe": "Automatic",
   "Tweaked": "Automatic",
   "Bare_bones": "Automatic"
 },
 {
   "Display_Name": "Problem Reports and Solutions Control Panel Support",
   "Service_Name": "wercplsupport",
   "DEFAULT_Starter": "Manual",
   "DEFAULT_Home_Basic": "Manual",
   "DEFAULT_Home_Premium": "Manual",
   "DEFAULT_Professional": "Manual",
   "DEFAULT_Ultimate": "Manual",
   "DEFAULT_Enterprise": "Manual",
   "Safe": "Manual",
   "Tweaked": "Disabled *",
   "Bare_bones": "Disabled *"
 },
 {
   "Display_Name": "Program Compatibility Assistant Service",
   "Service_Name": "PcaSvc",
   "DEFAULT_Starter": "Manual",
   "DEFAULT_Home_Basic": "Manual",
   "DEFAULT_Home_Premium": "Manual",
   "DEFAULT_Professional": "Manual",
   "DEFAULT_Ultimate": "Manual",
   "DEFAULT_Enterprise": "Manual",
   "Safe": "Manual",
   "Tweaked": "Disabled *",
   "Bare_bones": "Disabled *"
 },
 {
   "Display_Name": "Protected Storage",
   "Service_Name": "ProtectedStorage",
   "DEFAULT_Starter": "Manual ****",
   "DEFAULT_Home_Basic": "Manual ****",
   "DEFAULT_Home_Premium": "Manual ****",
   "DEFAULT_Professional": "Manual ****",
   "DEFAULT_Ultimate": "Manual ****",
   "DEFAULT_Enterprise": "Manual ****",
   "Safe": "Manual",
   "Tweaked": "Manual",
   "Bare_bones": "Manual"
 },
 {
   "Display_Name": "Quality Windows Audio Video Experience",
   "Service_Name": "QWAVE",
   "DEFAULT_Starter": "Manual",
   "DEFAULT_Home_Basic": "Manual",
   "DEFAULT_Home_Premium": "Manual",
   "DEFAULT_Professional": "Manual",
   "DEFAULT_Ultimate": "Manual",
   "DEFAULT_Enterprise": "Manual",
   "Safe": "Manual",
   "Tweaked": "Disabled *",
   "Bare_bones": "Disabled *"
 },
 {
   "Display_Name": "Remote Access Auto Connection Manager",
   "Service_Name": "RasAuto",
   "DEFAULT_Starter": "Manual",
   "DEFAULT_Home_Basic": "Manual",
   "DEFAULT_Home_Premium": "Manual",
   "DEFAULT_Professional": "Manual",
   "DEFAULT_Ultimate": "Manual",
   "DEFAULT_Enterprise": "Manual",
   "Safe": "Manual",
   "Tweaked": "Manual",
   "Bare_bones": "Manual"
 },
 {
   "Display_Name": "Remote Access Connection Manager",
   "Service_Name": "RasMan",
   "DEFAULT_Starter": "Manual",
   "DEFAULT_Home_Basic": "Manual",
   "DEFAULT_Home_Premium": "Manual",
   "DEFAULT_Professional": "Manual",
   "DEFAULT_Ultimate": "Manual",
   "DEFAULT_Enterprise": "Manual",
   "Safe": "Manual",
   "Tweaked": "Manual",
   "Bare_bones": "Manual"
 },
 {
   "Display_Name": "Remote Desktop Configuration",
   "Service_Name": "SessionEnv",
   "DEFAULT_Starter": "Manual",
   "DEFAULT_Home_Basic": "Manual",
   "DEFAULT_Home_Premium": "Manual",
   "DEFAULT_Professional": "Manual",
   "DEFAULT_Ultimate": "Manual",
   "DEFAULT_Enterprise": "Manual",
   "Safe": "Manual",
   "Tweaked": "Disabled *",
   "Bare_bones": "Disabled *"
 },
 {
   "Display_Name": "Remote Desktop Services",
   "Service_Name": "TermService",
   "DEFAULT_Starter": "Manual",
   "DEFAULT_Home_Basic": "Manual",
   "DEFAULT_Home_Premium": "Manual",
   "DEFAULT_Professional": "Manual",
   "DEFAULT_Ultimate": "Manual",
   "DEFAULT_Enterprise": "Manual",
   "Safe": "Manual",
   "Tweaked": "Disabled *",
   "Bare_bones": "Disabled *"
 },
 {
   "Display_Name": "Remote Desktop Services UserMode Port Redirector",
   "Service_Name": "UmRdpService",
   "DEFAULT_Starter": "Not Available",
   "DEFAULT_Home_Basic": "Not Available",
   "DEFAULT_Home_Premium": "Not Available",
   "DEFAULT_Professional": "Manual",
   "DEFAULT_Ultimate": "Manual",
   "DEFAULT_Enterprise": "Manual",
   "Safe": "Manual",
   "Tweaked": "Disabled *",
   "Bare_bones": "Disabled *"
 },
 {
   "Display_Name": "Remote Procedure Call (RPC)",
   "Service_Name": "RpcSs",
   "DEFAULT_Starter": "Automatic (Started)",
   "DEFAULT_Home_Basic": "Automatic (Started)",
   "DEFAULT_Home_Premium": "Automatic (Started)",
   "DEFAULT_Professional": "Automatic (Started)",
   "DEFAULT_Ultimate": "Automatic (Started)",
   "DEFAULT_Enterprise": "Automatic (Started)",
   "Safe": "Automatic",
   "Tweaked": "Automatic",
   "Bare_bones": "Automatic"
 },
 {
   "Display_Name": "Remote Procedure Call (RPC) Locator",
   "Service_Name": "RpcLocator",
   "DEFAULT_Starter": "Manual",
   "DEFAULT_Home_Basic": "Manual",
   "DEFAULT_Home_Premium": "Manual",
   "DEFAULT_Professional": "Manual",
   "DEFAULT_Ultimate": "Manual",
   "DEFAULT_Enterprise": "Manual",
   "Safe": "Disabled *",
   "Tweaked": "Disabled *",
   "Bare_bones": "Disabled *"
 },
 {
   "Display_Name": "Remote Registry",
   "Service_Name": "RemoteRegistry",
   "DEFAULT_Starter": "Manual",
   "DEFAULT_Home_Basic": "Manual",
   "DEFAULT_Home_Premium": "Manual",
   "DEFAULT_Professional": "Manual",
   "DEFAULT_Ultimate": "Manual",
   "DEFAULT_Enterprise": "Manual",
   "Safe": "Disabled *",
   "Tweaked": "Disabled *",
   "Bare_bones": "Disabled *"
 },
 {
   "Display_Name": "RIP Listener **",
   "Service_Name": "iprip",
   "DEFAULT_Starter": "Not Installed (Automatic, Started)",
   "DEFAULT_Home_Basic": "Not Installed (Automatic, Started)",
   "DEFAULT_Home_Premium": "Not Installed (Automatic, Started)",
   "DEFAULT_Professional": "Not Installed (Automatic, Started)",
   "DEFAULT_Ultimate": "Not Installed (Automatic, Started)",
   "DEFAULT_Enterprise": "Not Installed (Automatic, Started)",
   "Safe": "Not Installed",
   "Tweaked": "Not Installed",
   "Bare_bones": "Not Installed"
 },
 {
   "Display_Name": "Routing and Remote Access",
   "Service_Name": "RemoteAccess",
   "DEFAULT_Starter": "Disabled",
   "DEFAULT_Home_Basic": "Disabled",
   "DEFAULT_Home_Premium": "Disabled",
   "DEFAULT_Professional": "Disabled",
   "DEFAULT_Ultimate": "Disabled",
   "DEFAULT_Enterprise": "Disabled",
   "Safe": "Disabled",
   "Tweaked": "Disabled",
   "Bare_bones": "Disabled"
 },
 {
   "Display_Name": "RPC Endpoint Mapper",
   "Service_Name": "RpcEptMapper",
   "DEFAULT_Starter": "Automatic (Started)",
   "DEFAULT_Home_Basic": "Automatic (Started)",
   "DEFAULT_Home_Premium": "Automatic (Started)",
   "DEFAULT_Professional": "Automatic (Started)",
   "DEFAULT_Ultimate": "Automatic (Started)",
   "DEFAULT_Enterprise": "Automatic (Started)",
   "Safe": "Automatic",
   "Tweaked": "Automatic",
   "Bare_bones": "Automatic"
 },
 {
   "Display_Name": "SeaPort ***",
   "Service_Name": "SeaPort",
   "DEFAULT_Starter": "Not Installed (Automatic, Started)",
   "DEFAULT_Home_Basic": "Not Installed (Automatic, Started)",
   "DEFAULT_Home_Premium": "Not Installed (Automatic, Started)",
   "DEFAULT_Professional": "Not Installed (Automatic, Started)",
   "DEFAULT_Ultimate": "Not Installed (Automatic, Started)",
   "DEFAULT_Enterprise": "Not Installed (Automatic, Started)",
   "Safe": "Not Installed",
   "Tweaked": "Not Installed",
   "Bare_bones": "Not Installed"
 },
 {
   "Display_Name": "Secondary Logon",
   "Service_Name": "seclogon",
   "DEFAULT_Starter": "Manual",
   "DEFAULT_Home_Basic": "Manual",
   "DEFAULT_Home_Premium": "Manual",
   "DEFAULT_Professional": "Manual",
   "DEFAULT_Ultimate": "Manual",
   "DEFAULT_Enterprise": "Manual",
   "Safe": "Manual",
   "Tweaked": "Manual",
   "Bare_bones": "Manual"
 },
 {
   "Display_Name": "Secure Socket Tunneling Protocol Service",
   "Service_Name": "SstpSvc",
   "DEFAULT_Starter": "Manual",
   "DEFAULT_Home_Basic": "Manual",
   "DEFAULT_Home_Premium": "Manual",
   "DEFAULT_Professional": "Manual",
   "DEFAULT_Ultimate": "Manual",
   "DEFAULT_Enterprise": "Manual",
   "Safe": "Manual",
   "Tweaked": "Manual",
   "Bare_bones": "Disabled *"
 },
 {
   "Display_Name": "Security Accounts Manager",
   "Service_Name": "SamSs",
   "DEFAULT_Starter": "Automatic (Started)",
   "DEFAULT_Home_Basic": "Automatic (Started)",
   "DEFAULT_Home_Premium": "Automatic (Started)",
   "DEFAULT_Professional": "Automatic (Started)",
   "DEFAULT_Ultimate": "Automatic (Started)",
   "DEFAULT_Enterprise": "Automatic (Started)",
   "Safe": "Automatic",
   "Tweaked": "Automatic",
   "Bare_bones": "Automatic"
 },
 {
   "Display_Name": "Security Center",
   "Service_Name": "wscsvc",
   "DEFAULT_Starter": "Automatic (Delayed Start, Started)",
   "DEFAULT_Home_Basic": "Automatic (Delayed Start, Started)",
   "DEFAULT_Home_Premium": "Automatic (Delayed Start, Started)",
   "DEFAULT_Professional": "Automatic (Delayed Start, Started)",
   "DEFAULT_Ultimate": "Automatic (Delayed Start, Started)",
   "DEFAULT_Enterprise": "Automatic (Delayed Start, Started)",
   "Safe": "Automatic (Delayed Start)",
   "Tweaked": "Automatic (Delayed Start)",
   "Bare_bones": "Disabled *"
 },
 {
   "Display_Name": "Server",
   "Service_Name": "LanmanServer",
   "DEFAULT_Starter": "Automatic (Started)",
   "DEFAULT_Home_Basic": "Automatic (Started)",
   "DEFAULT_Home_Premium": "Automatic (Started)",
   "DEFAULT_Professional": "Automatic (Started)",
   "DEFAULT_Ultimate": "Automatic (Started)",
   "DEFAULT_Enterprise": "Automatic (Started)",
   "Safe": "Automatic",
   "Tweaked": "Automatic",
   "Bare_bones": "Automatic"
 },
 {
   "Display_Name": "Shell Hardware Detection",
   "Service_Name": "ShellHWDetection",
   "DEFAULT_Starter": "Automatic (Started)",
   "DEFAULT_Home_Basic": "Automatic (Started)",
   "DEFAULT_Home_Premium": "Automatic (Started)",
   "DEFAULT_Professional": "Automatic (Started)",
   "DEFAULT_Ultimate": "Automatic (Started)",
   "DEFAULT_Enterprise": "Automatic (Started)",
   "Safe": "Automatic",
   "Tweaked": "Automatic",
   "Bare_bones": "Automatic"
 },
 {
   "Display_Name": "Simple TCP/IP Services **",
   "Service_Name": "simptcp",
   "DEFAULT_Starter": "Not Installed (Automatic, Started)",
   "DEFAULT_Home_Basic": "Not Installed (Automatic, Started)",
   "DEFAULT_Home_Premium": "Not Installed (Automatic, Started)",
   "DEFAULT_Professional": "Not Installed (Automatic, Started)",
   "DEFAULT_Ultimate": "Not Installed (Automatic, Started)",
   "DEFAULT_Enterprise": "Not Installed (Automatic, Started)",
   "Safe": "Not Installed",
   "Tweaked": "Not Installed",
   "Bare_bones": "Not Installed"
 },
 {
   "Display_Name": "Smart Card",
   "Service_Name": "SCardSvr",
   "DEFAULT_Starter": "Manual",
   "DEFAULT_Home_Basic": "Manual",
   "DEFAULT_Home_Premium": "Manual",
   "DEFAULT_Professional": "Manual",
   "DEFAULT_Ultimate": "Manual",
   "DEFAULT_Enterprise": "Manual",
   "Safe": "Disabled *",
   "Tweaked": "Disabled *",
   "Bare_bones": "Disabled *"
 },
 {
   "Display_Name": "Smart Card Removal Policy",
   "Service_Name": "SCPolicySvc",
   "DEFAULT_Starter": "Manual",
   "DEFAULT_Home_Basic": "Manual",
   "DEFAULT_Home_Premium": "Manual",
   "DEFAULT_Professional": "Manual",
   "DEFAULT_Ultimate": "Manual",
   "DEFAULT_Enterprise": "Manual",
   "Safe": "Disabled *",
   "Tweaked": "Disabled *",
   "Bare_bones": "Disabled *"
 },
 {
   "Display_Name": "SNMP Service **",
   "Service_Name": "SNMP",
   "DEFAULT_Starter": "Not Installed (Automatic, Started)",
   "DEFAULT_Home_Basic": "Not Installed (Automatic, Started)",
   "DEFAULT_Home_Premium": "Not Installed (Automatic, Started)",
   "DEFAULT_Professional": "Not Installed (Automatic, Started)",
   "DEFAULT_Ultimate": "Not Installed (Automatic, Started)",
   "DEFAULT_Enterprise": "Not Installed (Automatic, Started)",
   "Safe": "Not Installed",
   "Tweaked": "Not Installed",
   "Bare_bones": "Not Installed"
 },
 {
   "Display_Name": "SNMP Trap",
   "Service_Name": "SNMPTRAP",
   "DEFAULT_Starter": "Manual",
   "DEFAULT_Home_Basic": "Manual",
   "DEFAULT_Home_Premium": "Manual",
   "DEFAULT_Professional": "Manual",
   "DEFAULT_Ultimate": "Manual",
   "DEFAULT_Enterprise": "Manual",
   "Safe": "Disabled *",
   "Tweaked": "Disabled *",
   "Bare_bones": "Disabled *"
 },
 {
   "Display_Name": "Software Protection",
   "Service_Name": "sppsvc",
   "DEFAULT_Starter": "Automatic (Delayed Start, Started)",
   "DEFAULT_Home_Basic": "Automatic (Delayed Start, Started)",
   "DEFAULT_Home_Premium": "Automatic (Delayed Start, Started)",
   "DEFAULT_Professional": "Automatic (Delayed Start, Started)",
   "DEFAULT_Ultimate": "Automatic (Delayed Start, Started)",
   "DEFAULT_Enterprise": "Automatic (Delayed Start, Started)",
   "Safe": "Automatic (Delayed Start)",
   "Tweaked": "Automatic (Delayed Start)",
   "Bare_bones": "Automatic (Delayed Start)"
 },
 {
   "Display_Name": "SPP Notification Service",
   "Service_Name": "sppuinotify",
   "DEFAULT_Starter": "Manual ****",
   "DEFAULT_Home_Basic": "Manual ****",
   "DEFAULT_Home_Premium": "Manual ****",
   "DEFAULT_Professional": "Manual ****",
   "DEFAULT_Ultimate": "Manual ****",
   "DEFAULT_Enterprise": "Manual ****",
   "Safe": "Manual",
   "Tweaked": "Manual",
   "Bare_bones": "Manual"
 },
 {
   "Display_Name": "SSDP Discovery",
   "Service_Name": "SSDPSRV",
   "DEFAULT_Starter": "Manual (Started)",
   "DEFAULT_Home_Basic": "Manual (Started)",
   "DEFAULT_Home_Premium": "Manual (Started)",
   "DEFAULT_Professional": "Manual (Started)",
   "DEFAULT_Ultimate": "Manual (Started)",
   "DEFAULT_Enterprise": "Manual (Started)",
   "Safe": "Manual",
   "Tweaked": "Manual",
   "Bare_bones": "Manual"
 },
 {
   "Display_Name": "Storage Service",
   "Service_Name": "StorSvc",
   "DEFAULT_Starter": "Not Available",
   "DEFAULT_Home_Basic": "Not Available",
   "DEFAULT_Home_Premium": "Not Available",
   "DEFAULT_Professional": "Manual",
   "DEFAULT_Ultimate": "Not Available",
   "DEFAULT_Enterprise": "Manual",
   "Safe": "Disabled *",
   "Tweaked": "Disabled *",
   "Bare_bones": "Disabled *"
 },
 {
   "Display_Name": "Superfetch",
   "Service_Name": "SysMain",
   "DEFAULT_Starter": "Automatic (Started)",
   "DEFAULT_Home_Basic": "Automatic (Started)",
   "DEFAULT_Home_Premium": "Automatic (Started)",
   "DEFAULT_Professional": "Automatic (Started)",
   "DEFAULT_Ultimate": "Automatic (Started)",
   "DEFAULT_Enterprise": "Automatic (Started)",
   "Safe": "Automatic",
   "Tweaked": "Automatic",
   "Bare_bones": "Automatic"
 },
 {
   "Display_Name": "System Event Notification Service",
   "Service_Name": "SENS",
   "DEFAULT_Starter": "Automatic (Started)",
   "DEFAULT_Home_Basic": "Automatic (Started)",
   "DEFAULT_Home_Premium": "Automatic (Started)",
   "DEFAULT_Professional": "Automatic (Started)",
   "DEFAULT_Ultimate": "Automatic (Started)",
   "DEFAULT_Enterprise": "Automatic (Started)",
   "Safe": "Automatic",
   "Tweaked": "Automatic",
   "Bare_bones": "Automatic"
 },
 {
   "Display_Name": "Tablet PC Input Service",
   "Service_Name": "TabletInputService",
   "DEFAULT_Starter": "Manual",
   "DEFAULT_Home_Basic": "Manual",
   "DEFAULT_Home_Premium": "Manual",
   "DEFAULT_Professional": "Manual",
   "DEFAULT_Ultimate": "Manual",
   "DEFAULT_Enterprise": "Manual",
   "Safe": "Manual",
   "Tweaked": "Disabled *",
   "Bare_bones": "Disabled *"
 },
 {
   "Display_Name": "Task Scheduler",
   "Service_Name": "Schedule",
   "DEFAULT_Starter": "Automatic (Started)",
   "DEFAULT_Home_Basic": "Automatic (Started)",
   "DEFAULT_Home_Premium": "Automatic (Started)",
   "DEFAULT_Professional": "Automatic (Started)",
   "DEFAULT_Ultimate": "Automatic (Started)",
   "DEFAULT_Enterprise": "Automatic (Started)",
   "Safe": "Automatic",
   "Tweaked": "Automatic",
   "Bare_bones": "Automatic"
 },
 {
   "Display_Name": "TCP/IP NetBIOS Helper",
   "Service_Name": "lmhosts",
   "DEFAULT_Starter": "Automatic (Started)",
   "DEFAULT_Home_Basic": "Automatic (Started)",
   "DEFAULT_Home_Premium": "Automatic (Started)",
   "DEFAULT_Professional": "Automatic (Started)",
   "DEFAULT_Ultimate": "Automatic (Started)",
   "DEFAULT_Enterprise": "Automatic (Started)",
   "Safe": "Automatic",
   "Tweaked": "Automatic",
   "Bare_bones": "Disabled *"
 },
 {
   "Display_Name": "Telephony",
   "Service_Name": "TapiSrv",
   "DEFAULT_Starter": "Manual",
   "DEFAULT_Home_Basic": "Manual",
   "DEFAULT_Home_Premium": "Manual",
   "DEFAULT_Professional": "Manual",
   "DEFAULT_Ultimate": "Manual",
   "DEFAULT_Enterprise": "Manual",
   "Safe": "Manual",
   "Tweaked": "Manual",
   "Bare_bones": "Disabled *"
 },
 {
   "Display_Name": "Telnet **",
   "Service_Name": "TlntSvr",
   "DEFAULT_Starter": "Not Installed (Disabled)",
   "DEFAULT_Home_Basic": "Not Installed (Disabled)",
   "DEFAULT_Home_Premium": "Not Installed (Disabled)",
   "DEFAULT_Professional": "Not Installed (Disabled)",
   "DEFAULT_Ultimate": "Not Installed (Disabled)",
   "DEFAULT_Enterprise": "Not Installed (Disabled)",
   "Safe": "Not Installed",
   "Tweaked": "Not Installed",
   "Bare_bones": "Not Installed"
 },
 {
   "Display_Name": "Themes",
   "Service_Name": "Themes",
   "DEFAULT_Starter": "Automatic (Started)",
   "DEFAULT_Home_Basic": "Automatic (Started)",
   "DEFAULT_Home_Premium": "Automatic (Started)",
   "DEFAULT_Professional": "Automatic (Started)",
   "DEFAULT_Ultimate": "Automatic (Started)",
   "DEFAULT_Enterprise": "Automatic (Started)",
   "Safe": "Automatic",
   "Tweaked": "Automatic",
   "Bare_bones": "Disabled *"
 },
 {
   "Display_Name": "Thread Ordering Server",
   "Service_Name": "THREADORDER",
   "DEFAULT_Starter": "Manual",
   "DEFAULT_Home_Basic": "Manual",
   "DEFAULT_Home_Premium": "Manual",
   "DEFAULT_Professional": "Manual",
   "DEFAULT_Ultimate": "Manual",
   "DEFAULT_Enterprise": "Manual",
   "Safe": "Manual",
   "Tweaked": "Manual",
   "Bare_bones": "Manual"
 },
 {
   "Display_Name": "TPM Base Services",
   "Service_Name": "TBS",
   "DEFAULT_Starter": "Manual",
   "DEFAULT_Home_Basic": "Manual",
   "DEFAULT_Home_Premium": "Manual",
   "DEFAULT_Professional": "Manual",
   "DEFAULT_Ultimate": "Manual",
   "DEFAULT_Enterprise": "Manual",
   "Safe": "Manual",
   "Tweaked": "Disabled *",
   "Bare_bones": "Disabled *"
 },
 {
   "Display_Name": "UPnP Device Host",
   "Service_Name": "upnphost",
   "DEFAULT_Starter": "Manual ****",
   "DEFAULT_Home_Basic": "Manual ****",
   "DEFAULT_Home_Premium": "Manual ****",
   "DEFAULT_Professional": "Manual ****",
   "DEFAULT_Ultimate": "Manual ****",
   "DEFAULT_Enterprise": "Manual ****",
   "Safe": "Manual",
   "Tweaked": "Manual",
   "Bare_bones": "Manual"
 },
 {
   "Display_Name": "User Profile Service",
   "Service_Name": "ProfSvc",
   "DEFAULT_Starter": "Automatic (Started)",
   "DEFAULT_Home_Basic": "Automatic (Started)",
   "DEFAULT_Home_Premium": "Automatic (Started)",
   "DEFAULT_Professional": "Automatic (Started)",
   "DEFAULT_Ultimate": "Automatic (Started)",
   "DEFAULT_Enterprise": "Automatic (Started)",
   "Safe": "Automatic",
   "Tweaked": "Automatic",
   "Bare_bones": "Automatic"
 },
 {
   "Display_Name": "Virtual Disk",
   "Service_Name": "vds",
   "DEFAULT_Starter": "Manual",
   "DEFAULT_Home_Basic": "Manual",
   "DEFAULT_Home_Premium": "Manual",
   "DEFAULT_Professional": "Manual",
   "DEFAULT_Ultimate": "Manual",
   "DEFAULT_Enterprise": "Manual",
   "Safe": "Manual",
   "Tweaked": "Manual",
   "Bare_bones": "Manual"
 },
 {
   "Display_Name": "Volume Shadow Copy",
   "Service_Name": "VSS",
   "DEFAULT_Starter": "Manual ****",
   "DEFAULT_Home_Basic": "Manual ****",
   "DEFAULT_Home_Premium": "Manual ****",
   "DEFAULT_Professional": "Manual ****",
   "DEFAULT_Ultimate": "Manual ****",
   "DEFAULT_Enterprise": "Manual ****",
   "Safe": "Manual",
   "Tweaked": "Manual",
   "Bare_bones": "Manual"
 },
 {
   "Display_Name": "Web Management Service **",
   "Service_Name": "WMSVC",
   "DEFAULT_Starter": "Not Available",
   "DEFAULT_Home_Basic": "Not Available",
   "DEFAULT_Home_Premium": "Not Installed (Manual)",
   "DEFAULT_Professional": "Not Installed (Manual)",
   "DEFAULT_Ultimate": "Not Installed (Manual)",
   "DEFAULT_Enterprise": "Not Installed (Manual)",
   "Safe": "Not Installed",
   "Tweaked": "Not Installed",
   "Bare_bones": "Not Installed"
 },
 {
   "Display_Name": "WebClient",
   "Service_Name": "WebClient",
   "DEFAULT_Starter": "Manual",
   "DEFAULT_Home_Basic": "Manual",
   "DEFAULT_Home_Premium": "Manual",
   "DEFAULT_Professional": "Manual",
   "DEFAULT_Ultimate": "Manual",
   "DEFAULT_Enterprise": "Manual",
   "Safe": "Manual",
   "Tweaked": "Disabled *",
   "Bare_bones": "Disabled *"
 },
 {
   "Display_Name": "Windows Audio",
   "Service_Name": "AudioSrv",
   "DEFAULT_Starter": "Automatic (Started)",
   "DEFAULT_Home_Basic": "Automatic (Started)",
   "DEFAULT_Home_Premium": "Automatic (Started)",
   "DEFAULT_Professional": "Automatic (Started)",
   "DEFAULT_Ultimate": "Automatic (Started)",
   "DEFAULT_Enterprise": "Automatic (Started)",
   "Safe": "Automatic",
   "Tweaked": "Automatic",
   "Bare_bones": "Automatic"
 },
 {
   "Display_Name": "Windows Audio Endpoint Builder",
   "Service_Name": "AudioEndpointBuilder",
   "DEFAULT_Starter": "Automatic (Started)",
   "DEFAULT_Home_Basic": "Automatic (Started)",
   "DEFAULT_Home_Premium": "Automatic (Started)",
   "DEFAULT_Professional": "Automatic (Started)",
   "DEFAULT_Ultimate": "Automatic (Started)",
   "DEFAULT_Enterprise": "Automatic (Started)",
   "Safe": "Automatic",
   "Tweaked": "Automatic",
   "Bare_bones": "Automatic"
 },
 {
   "Display_Name": "Windows Backup",
   "Service_Name": "SDRSVC",
   "DEFAULT_Starter": "Manual",
   "DEFAULT_Home_Basic": "Manual",
   "DEFAULT_Home_Premium": "Manual",
   "DEFAULT_Professional": "Manual",
   "DEFAULT_Ultimate": "Manual",
   "DEFAULT_Enterprise": "Manual",
   "Safe": "Manual",
   "Tweaked": "Manual",
   "Bare_bones": "Manual"
 },
 {
   "Display_Name": "Windows Biometric Service",
   "Service_Name": "WbioSrvc",
   "DEFAULT_Starter": "Manual",
   "DEFAULT_Home_Basic": "Manual",
   "DEFAULT_Home_Premium": "Manual",
   "DEFAULT_Professional": "Manual",
   "DEFAULT_Ultimate": "Manual",
   "DEFAULT_Enterprise": "Manual",
   "Safe": "Manual",
   "Tweaked": "Disabled *",
   "Bare_bones": "Disabled *"
 },
 {
   "Display_Name": "Windows CardSpace",
   "Service_Name": "idsvc",
   "DEFAULT_Starter": "Manual",
   "DEFAULT_Home_Basic": "Manual",
   "DEFAULT_Home_Premium": "Manual",
   "DEFAULT_Professional": "Manual",
   "DEFAULT_Ultimate": "Manual",
   "DEFAULT_Enterprise": "Manual",
   "Safe": "Manual",
   "Tweaked": "Disabled *",
   "Bare_bones": "Uninstalled *"
 },
 {
   "Display_Name": "Windows Color System",
   "Service_Name": "WcsPlugInService",
   "DEFAULT_Starter": "Manual",
   "DEFAULT_Home_Basic": "Manual",
   "DEFAULT_Home_Premium": "Manual",
   "DEFAULT_Professional": "Manual",
   "DEFAULT_Ultimate": "Manual",
   "DEFAULT_Enterprise": "Manual",
   "Safe": "Manual",
   "Tweaked": "Disabled *",
   "Bare_bones": "Disabled *"
 },
 {
   "Display_Name": "Windows Connect Now - Config Registrar",
   "Service_Name": "wcncsvc",
   "DEFAULT_Starter": "Manual",
   "DEFAULT_Home_Basic": "Manual",
   "DEFAULT_Home_Premium": "Manual",
   "DEFAULT_Professional": "Manual",
   "DEFAULT_Ultimate": "Manual",
   "DEFAULT_Enterprise": "Manual",
   "Safe": "Disabled *",
   "Tweaked": "Disabled *",
   "Bare_bones": "Disabled *"
 },
 {
   "Display_Name": "Windows Defender",
   "Service_Name": "WinDefend",
   "DEFAULT_Starter": "Automatic (Delayed Start, Started)",
   "DEFAULT_Home_Basic": "Automatic (Delayed Start, Started)",
   "DEFAULT_Home_Premium": "Automatic (Delayed Start, Started)",
   "DEFAULT_Professional": "Automatic (Delayed Start, Started)",
   "DEFAULT_Ultimate": "Automatic (Delayed Start, Started)",
   "DEFAULT_Enterprise": "Automatic (Delayed Start, Started)",
   "Safe": "Automatic (Delayed Start)",
   "Tweaked": "Automatic (Delayed Start)",
   "Bare_bones": "Disabled *"
 },
 {
   "Display_Name": "Windows Driver Foundation - User-mode Driver Framework",
   "Service_Name": "wudfsvc",
   "DEFAULT_Starter": "Manual ****",
   "DEFAULT_Home_Basic": "Manual ****",
   "DEFAULT_Home_Premium": "Manual ****",
   "DEFAULT_Professional": "Manual ****",
   "DEFAULT_Ultimate": "Manual ****",
   "DEFAULT_Enterprise": "Manual ****",
   "Safe": "Manual ****",
   "Tweaked": "Manual ****",
   "Bare_bones": "Manual ****"
 },
 {
   "Display_Name": "Windows Error Reporting Service",
   "Service_Name": "WerSvc",
   "DEFAULT_Starter": "Manual",
   "DEFAULT_Home_Basic": "Manual",
   "DEFAULT_Home_Premium": "Manual",
   "DEFAULT_Professional": "Manual",
   "DEFAULT_Ultimate": "Manual",
   "DEFAULT_Enterprise": "Manual",
   "Safe": "Manual",
   "Tweaked": "Disabled *",
   "Bare_bones": "Disabled *"
 },
 {
   "Display_Name": "Windows Event Collector",
   "Service_Name": "Wecsvc",
   "DEFAULT_Starter": "Manual",
   "DEFAULT_Home_Basic": "Manual",
   "DEFAULT_Home_Premium": "Manual",
   "DEFAULT_Professional": "Manual",
   "DEFAULT_Ultimate": "Manual",
   "DEFAULT_Enterprise": "Manual",
   "Safe": "Manual",
   "Tweaked": "Manual",
   "Bare_bones": "Manual"
 },
 {
   "Display_Name": "Windows Event Log",
   "Service_Name": "EventLog",
   "DEFAULT_Starter": "Automatic (Started)",
   "DEFAULT_Home_Basic": "Automatic (Started)",
   "DEFAULT_Home_Premium": "Automatic (Started)",
   "DEFAULT_Professional": "Automatic (Started)",
   "DEFAULT_Ultimate": "Automatic (Started)",
   "DEFAULT_Enterprise": "Automatic (Started)",
   "Safe": "Automatic",
   "Tweaked": "Automatic",
   "Bare_bones": "Automatic"
 },
 {
   "Display_Name": "Windows Firewall",
   "Service_Name": "MpsSvc",
   "DEFAULT_Starter": "Automatic (Started)",
   "DEFAULT_Home_Basic": "Automatic (Started)",
   "DEFAULT_Home_Premium": "Automatic (Started)",
   "DEFAULT_Professional": "Automatic (Started)",
   "DEFAULT_Ultimate": "Automatic (Started)",
   "DEFAULT_Enterprise": "Automatic (Started)",
   "Safe": "Automatic",
   "Tweaked": "Automatic",
   "Bare_bones": "Disabled *"
 },
 {
   "Display_Name": "Windows Font Cache Service",
   "Service_Name": "FontCache",
   "DEFAULT_Starter": "Automatic (Delayed Start, Started) ****",
   "DEFAULT_Home_Basic": "Automatic (Delayed Start, Started) ****",
   "DEFAULT_Home_Premium": "Automatic (Delayed Start, Started) ****",
   "DEFAULT_Professional": "Automatic (Delayed Start, Started) ****",
   "DEFAULT_Ultimate": "Automatic (Delayed Start, Started) ****",
   "DEFAULT_Enterprise": "Automatic (Delayed Start, Started) ****",
   "Safe": "Automatic (Delayed Start, Started) ****",
   "Tweaked": "Automatic (Delayed Start, Started) ****",
   "Bare_bones": "Automatic (Delayed Start, Started) ****"
 },
 {
   "Display_Name": "Windows Image Acquisition (WIA)",
   "Service_Name": "StiSvc",
   "DEFAULT_Starter": "Manual",
   "DEFAULT_Home_Basic": "Manual",
   "DEFAULT_Home_Premium": "Manual",
   "DEFAULT_Professional": "Manual",
   "DEFAULT_Ultimate": "Manual",
   "DEFAULT_Enterprise": "Manual",
   "Safe": "Manual",
   "Tweaked": "Manual",
   "Bare_bones": "Manual"
 },
 {
   "Display_Name": "Windows Installer",
   "Service_Name": "msiserver",
   "DEFAULT_Starter": "Manual",
   "DEFAULT_Home_Basic": "Manual",
   "DEFAULT_Home_Premium": "Manual",
   "DEFAULT_Professional": "Manual",
   "DEFAULT_Ultimate": "Manual",
   "DEFAULT_Enterprise": "Manual",
   "Safe": "Manual",
   "Tweaked": "Manual",
   "Bare_bones": "Manual"
 },
 {
   "Display_Name": "Windows Live Family Safety ***",
   "Service_Name": "fsssvc",
   "DEFAULT_Starter": "Not Installed (Manual)",
   "DEFAULT_Home_Basic": "Not Installed (Manual)",
   "DEFAULT_Home_Premium": "Not Installed (Manual)",
   "DEFAULT_Professional": "Not Installed (Manual)",
   "DEFAULT_Ultimate": "Not Installed (Manual)",
   "DEFAULT_Enterprise": "Not Installed (Manual)",
   "Safe": "Not Installed",
   "Tweaked": "Not Installed",
   "Bare_bones": "Not Installed"
 },
 {
   "Display_Name": "Windows Management Instrumentation",
   "Service_Name": "Winmgmt",
   "DEFAULT_Starter": "Automatic (Started)",
   "DEFAULT_Home_Basic": "Automatic (Started)",
   "DEFAULT_Home_Premium": "Automatic (Started)",
   "DEFAULT_Professional": "Automatic (Started)",
   "DEFAULT_Ultimate": "Automatic (Started)",
   "DEFAULT_Enterprise": "Automatic (Started)",
   "Safe": "Automatic",
   "Tweaked": "Automatic",
   "Bare_bones": "Automatic"
 },
 {
   "Display_Name": "Windows Media Center Receiver Service **",
   "Service_Name": "ehRecvr",
   "DEFAULT_Starter": "Not Available",
   "DEFAULT_Home_Basic": "Not Available",
   "DEFAULT_Home_Premium": "Manual",
   "DEFAULT_Professional": "Manual",
   "DEFAULT_Ultimate": "Manual",
   "DEFAULT_Enterprise": "Manual",
   "Safe": "Manual",
   "Tweaked": "Disabled *",
   "Bare_bones": "Uninstalled *"
 },
 {
   "Display_Name": "Windows Media Center Scheduler Service **",
   "Service_Name": "ehSched",
   "DEFAULT_Starter": "Not Available",
   "DEFAULT_Home_Basic": "Not Available",
   "DEFAULT_Home_Premium": "Manual",
   "DEFAULT_Professional": "Manual",
   "DEFAULT_Ultimate": "Manual",
   "DEFAULT_Enterprise": "Manual",
   "Safe": "Manual",
   "Tweaked": "Disabled *",
   "Bare_bones": "Uninstalled *"
 },
 {
   "Display_Name": "Windows Media Player Network Sharing Service **",
   "Service_Name": "WMPNetworkSvc",
   "DEFAULT_Starter": "Manual (Started)",
   "DEFAULT_Home_Basic": "Manual (Startedl)",
   "DEFAULT_Home_Premium": "Manual (Started) ****",
   "DEFAULT_Professional": "Manual (Started)",
   "DEFAULT_Ultimate": "Manual (Started)",
   "DEFAULT_Enterprise": "Manual (Started)",
   "Safe": "Disabled *",
   "Tweaked": "Disabled *",
   "Bare_bones": "Uninstalled *"
 },
 {
   "Display_Name": "Windows Modules Installer",
   "Service_Name": "TrustedInstaller",
   "DEFAULT_Starter": "Manual ****",
   "DEFAULT_Home_Basic": "Manual ****",
   "DEFAULT_Home_Premium": "Manual ****",
   "DEFAULT_Professional": "Manual ****",
   "DEFAULT_Ultimate": "Manual ****",
   "DEFAULT_Enterprise": "Manual ****",
   "Safe": "Manual",
   "Tweaked": "Manual",
   "Bare_bones": "Manual"
 },
 {
   "Display_Name": "Windows Presentation Foundation Font Cache 3.0.0.0 **",
   "Service_Name": "FontCache3.0.0.0",
   "DEFAULT_Starter": "Manual",
   "DEFAULT_Home_Basic": "Manual",
   "DEFAULT_Home_Premium": "Manual",
   "DEFAULT_Professional": "Manual",
   "DEFAULT_Ultimate": "Manual",
   "DEFAULT_Enterprise": "Manual",
   "Safe": "Manual",
   "Tweaked": "Manual",
   "Bare_bones": "Uninstalled *"
 },
 {
   "Display_Name": "Windows Process Activation Service **",
   "Service_Name": "WAS",
   "DEFAULT_Starter": "Not Installed (Manual, Started)",
   "DEFAULT_Home_Basic": "Not Installed (Manual, Started)",
   "DEFAULT_Home_Premium": "Not Installed (Manual, Started)",
   "DEFAULT_Professional": "Not Installed (Manual, Started)",
   "DEFAULT_Ultimate": "Not Installed (Manual, Started)",
   "DEFAULT_Enterprise": "Not Installed (Manual, Started)",
   "Safe": "Not Installed",
   "Tweaked": "Not Installed",
   "Bare_bones": "Not Installed"
 },
 {
   "Display_Name": "Windows Remote Management (WS-Management)",
   "Service_Name": "WinRM",
   "DEFAULT_Starter": "Manual",
   "DEFAULT_Home_Basic": "Manual",
   "DEFAULT_Home_Premium": "Manual",
   "DEFAULT_Professional": "Manual",
   "DEFAULT_Ultimate": "Manual",
   "DEFAULT_Enterprise": "Manual",
   "Safe": "Manual",
   "Tweaked": "Disabled *",
   "Bare_bones": "Disabled *"
 },
 {
   "Display_Name": "Windows Search **",
   "Service_Name": "WSearch",
   "DEFAULT_Starter": "Automatic (Delayed Start, Started)",
   "DEFAULT_Home_Basic": "Automatic (Delayed Start, Started)",
   "DEFAULT_Home_Premium": "Automatic (Delayed Start, Started)",
   "DEFAULT_Professional": "Automatic (Delayed Start, Started)",
   "DEFAULT_Ultimate": "Automatic (Delayed Start, Started)",
   "DEFAULT_Enterprise": "Automatic (Delayed Start, Started)",
   "Safe": "Disabled *",
   "Tweaked": "Disabled *",
   "Bare_bones": "Uninstalled *"
 },
 {
   "Display_Name": "Windows Time",
   "Service_Name": "W32Time",
   "DEFAULT_Starter": "Manual",
   "DEFAULT_Home_Basic": "Manual",
   "DEFAULT_Home_Premium": "Manual",
   "DEFAULT_Professional": "Manual",
   "DEFAULT_Ultimate": "Manual",
   "DEFAULT_Enterprise": "Manual",
   "Safe": "Manual",
   "Tweaked": "Manual",
   "Bare_bones": "Disabled *"
 },
 {
   "Display_Name": "Windows Update",
   "Service_Name": "wuauserv",
   "DEFAULT_Starter": "Automatic (Delayed Start, Started)",
   "DEFAULT_Home_Basic": "Automatic (Delayed Start, Started)",
   "DEFAULT_Home_Premium": "Automatic (Delayed Start, Started)",
   "DEFAULT_Professional": "Automatic (Delayed Start, Started)",
   "DEFAULT_Ultimate": "Automatic (Delayed Start, Started)",
   "DEFAULT_Enterprise": "Automatic (Delayed Start, Started)",
   "Safe": "Automatic (Delayed Start)",
   "Tweaked": "Automatic (Delayed Start)",
   "Bare_bones": "Disabled *"
 },
 {
   "Display_Name": "WinHTTP Web Proxy Auto-Discovery Service",
   "Service_Name": "WinHttpAutoProxySvc",
   "DEFAULT_Starter": "Manual ****",
   "DEFAULT_Home_Basic": "Manual ****",
   "DEFAULT_Home_Premium": "Manual ****",
   "DEFAULT_Professional": "Manual ****",
   "DEFAULT_Ultimate": "Manual ****",
   "DEFAULT_Enterprise": "Manual ****",
   "Safe": "Manual",
   "Tweaked": "Disabled *",
   "Bare_bones": "Disabled *"
 },
 {
   "Display_Name": "Wired AutoConfig",
   "Service_Name": "dot3svc",
   "DEFAULT_Starter": "Manual",
   "DEFAULT_Home_Basic": "Manual",
   "DEFAULT_Home_Premium": "Manual",
   "DEFAULT_Professional": "Manual",
   "DEFAULT_Ultimate": "Manual",
   "DEFAULT_Enterprise": "Manual",
   "Safe": "Manual",
   "Tweaked": "Manual",
   "Bare_bones": "Disabled *"
 },
 {
   "Display_Name": "WLAN AutoConfig",
   "Service_Name": "Wlansvc",
   "DEFAULT_Starter": "Manual",
   "DEFAULT_Home_Basic": "Manual",
   "DEFAULT_Home_Premium": "Manual",
   "DEFAULT_Professional": "Manual",
   "DEFAULT_Ultimate": "Manual",
   "DEFAULT_Enterprise": "Manual",
   "Safe": "Manual",
   "Tweaked": "Manual",
   "Bare_bones": "Disabled *"
 },
 {
   "Display_Name": "WMI Performance Adapter",
   "Service_Name": "wmiApSrv",
   "DEFAULT_Starter": "Manual",
   "DEFAULT_Home_Basic": "Manual",
   "DEFAULT_Home_Premium": "Manual",
   "DEFAULT_Professional": "Manual",
   "DEFAULT_Ultimate": "Manual",
   "DEFAULT_Enterprise": "Manual",
   "Safe": "Manual",
   "Tweaked": "Manual",
   "Bare_bones": "Manual"
 },
 {
   "Display_Name": "Workstation",
   "Service_Name": "LanmanWorkstation",
   "DEFAULT_Starter": "Automatic (Started)",
   "DEFAULT_Home_Basic": "Automatic (Started)",
   "DEFAULT_Home_Premium": "Automatic (Started)",
   "DEFAULT_Professional": "Automatic (Started)",
   "DEFAULT_Ultimate": "Automatic (Started)",
   "DEFAULT_Enterprise": "Automatic (Started)",
   "Safe": "Automatic",
   "Tweaked": "Automatic",
   "Bare_bones": "Automatic"
 },
 {
   "Display_Name": "World Wide Web Publishing Service **",
   "Service_Name": "W3SVC",
   "DEFAULT_Starter": "Not Installed (Automatic, Started)",
   "DEFAULT_Home_Basic": "Not Installed (Automatic, Started)",
   "DEFAULT_Home_Premium": "Not Installed (Automatic, Started)",
   "DEFAULT_Professional": "Not Installed (Automatic, Started)",
   "DEFAULT_Ultimate": "Not Installed (Automatic, Started)",
   "DEFAULT_Enterprise": "Not Installed (Automatic, Started)",
   "Safe": "Not Installed",
   "Tweaked": "Not Installed",
   "Bare_bones": "Not Installed"
 },
 {
   "Display_Name": "WWAN AutoConfig",
   "Service_Name": "WwanSvc",
   "DEFAULT_Starter": "Manual",
   "DEFAULT_Home_Basic": "Manual",
   "DEFAULT_Home_Premium": "Manual",
   "DEFAULT_Professional": "Manual",
   "DEFAULT_Ultimate": "Manual",
   "DEFAULT_Enterprise": "Manual",
   "Safe": "Manual",
   "Tweaked": "Disabled *",
   "Bare_bones": "Disabled *"
 }
]